timestamp,open,high,low,close,volume
2019-08-25 20:00:00-04:00,2559.95,2585.0,2542.05,2567.2,115716
2019-08-26 20:00:00-04:00,2575.0,2584.0,2533.95,2540.7,112159
2019-08-27 20:00:00-04:00,2557.5,2569.0,2503.45,2512.1,101472
2019-08-28 20:00:00-04:00,2515.0,2534.95,2495.1,2527.8,126466
2019-08-29 20:00:00-04:00,2530.2,2568.0,2513.0,2557.5,111198
2019-09-02 20:00:00-04:00,2558.35,2567.0,2522.8,2532.8,102444
2019-09-03 20:00:00-04:00,2539.9,2610.0,2537.5,2602.7,109021
2019-09-04 20:00:00-04:00,2636.75,2692.1,2636.75,2682.45,173063
2019-09-05 20:00:00-04:00,2684.1,2746.15,2675.05,2739.95,156424
2019-09-08 20:00:00-04:00,2729.1,2764.0,2729.1,2749.2,144618
2019-09-10 20:00:00-04:00,2752.0,2777.9,2741.25,2761.0,125689
2019-09-11 20:00:00-04:00,2766.0,2788.0,2747.85,2767.05,100104
2019-09-12 20:00:00-04:00,2781.65,2793.2,2693.6,2731.55,188622
2019-09-15 20:00:00-04:00,2731.0,2762.6,2703.6,2725.3,155556
2019-09-16 20:00:00-04:00,2735.0,2762.35,2730.6,2738.05,89303
2019-09-17 20:00:00-04:00,2739.8,2761.9,2715.15,2743.65,90455
2019-09-18 20:00:00-04:00,2740.1,2748.2,2709.95,2732.55,93833
2019-09-19 20:00:00-04:00,2738.0,2862.0,2711.45,2837.8,121051
2019-09-22 20:00:00-04:00,2840.0,2840.0,2701.0,2767.25,195964
2019-09-23 20:00:00-04:00,2766.7,2845.0,2715.05,2785.25,155593
2019-09-24 20:00:00-04:00,2750.15,2784.0,2750.15,2773.35,149318
2019-09-25 20:00:00-04:00,2790.0,2795.9,2745.0,2774.85,126629
2019-09-26 20:00:00-04:00,2782.0,2786.0,2720.5,2730.8,124202
2019-09-29 20:00:00-04:00,2734.0,2742.55,2691.45,2702.25,219107
2019-09-30 20:00:00-04:00,2690.0,2719.75,2645.45,2689.35,158400
2019-10-02 20:00:00-04:00,2679.8,2684.4,2636.5,2677.15,67338
2019-10-03 20:00:00-04:00,2687.0,2699.0,2611.35,2617.7,112138
2019-10-06 20:00:00-04:00,2630.0,2645.0,2576.25,2616.45,112124
2019-10-08 20:00:00-04:00,2624.75,2676.0,2600.3,2663.4,104463
2019-10-09 20:00:00-04:00,2626.15,2659.55,2612.05,2633.5,82796
2019-10-10 20:00:00-04:00,2645.0,2658.45,2607.0,2651.4,166254
2019-10-13 20:00:00-04:00,2652.0,2682.6,2638.65,2651.9,73266
2019-10-14 20:00:00-04:00,2662.0,2696.9,2654.55,2684.65,72585
2019-10-15 20:00:00-04:00,2711.0,2726.85,2687.05,2701.45,73842
2019-10-16 20:00:00-04:00,2711.0,2734.0,2699.65,2727.4,73341
2019-10-17 20:00:00-04:00,2720.0,2744.95,2710.05,2724.85,84339
2019-10-21 20:00:00-04:00,2722.25,2820.35,2711.7,2810.75,90588
2019-10-22 20:00:00-04:00,2806.8,2841.25,2755.95,2826.7,174015
2019-10-23 20:00:00-04:00,2839.75,2849.65,2770.2,2825.3,96085
2019-10-24 20:00:00-04:00,2824.0,2824.0,2780.0,2785.6,122297
2019-10-28 20:00:00-04:00,2775.0,2820.0,2753.45,2802.5,101639
2019-10-29 20:00:00-04:00,2829.0,2829.0,2741.85,2759.9,124362
2019-10-30 20:00:00-04:00,2779.9,2814.9,2770.1,2783.2,143357
2019-10-31 20:00:00-04:00,2784.0,2827.9,2737.35,2756.6,289684
2019-11-03 19:00:00-05:00,2765.25,2809.0,2748.55,2797.8,138135
2019-11-04 19:00:00-05:00,2793.8,2848.9,2792.35,2815.7,111519
2019-11-05 19:00:00-05:00,2820.1,2880.0,2820.1,2862.7,188332
2019-11-06 19:00:00-05:00,2862.0,2882.45,2829.0,2871.05,99528
2019-11-07 19:00:00-05:00,2860.0,2860.0,2812.35,2822.1,95875
2019-11-10 19:00:00-05:00,2812.35,2827.35,2795.0,2815.75,97342
2019-11-12 19:00:00-05:00,2820.0,2823.85,2756.2,2763.15,114838
2019-11-13 19:00:00-05:00,2775.0,2775.0,2725.1,2734.05,152740
2019-11-14 19:00:00-05:00,2748.0,2748.0,2712.55,2730.8,87592
2019-11-17 19:00:00-05:00,2733.0,2759.0,2733.0,2737.0,88794
2019-11-18 19:00:00-05:00,2741.0,2760.4,2724.5,2743.0,103838
2019-11-19 19:00:00-05:00,2746.35,2863.0,2746.35,2838.65,198187
2019-11-20 19:00:00-05:00,2828.0,2886.0,2823.55,2879.25,193413
2019-11-21 19:00:00-05:00,2855.0,2904.75,2843.0,2871.25,117113
2019-11-24 19:00:00-05:00,2860.0,2933.55,2850.05,2920.65,95052
2019-11-25 19:00:00-05:00,2920.25,2975.0,2907.15,2965.85,175358
2019-11-26 19:00:00-05:00,2960.0,2990.05,2942.3,2972.0,139547
2019-11-27 19:00:00-05:00,2968.1,2982.6,2943.05,2976.75,75297
2019-11-28 19:00:00-05:00,2974.7,2974.7,2895.3,2913.85,109826
2019-12-01 19:00:00-05:00,2918.0,2918.0,2852.0,2871.7,140585
2019-12-02 19:00:00-05:00,2879.0,2887.2,2851.65,2858.35,83540
2019-12-03 19:00:00-05:00,2860.0,2885.9,2858.35,2877.85,87134
2019-12-04 19:00:00-05:00,2879.8,2879.8,2849.1,2871.6,114871
2019-12-05 19:00:00-05:00,2887.7,2949.0,2872.05,2890.8,170048
2019-12-08 19:00:00-05:00,2899.0,2941.85,2891.9,2908.75,131157
2019-12-09 19:00:00-05:00,2908.75,2908.75,2877.5,2897.5,76306
2019-12-10 19:00:00-05:00,2900.0,2915.0,2875.0,2887.8,108111
2019-12-11 19:00:00-05:00,2900.0,2918.8,2890.0,2905.65,78270
2019-12-12 19:00:00-05:00,2865.1,2865.1,2773.75,2821.5,172737
2019-12-15 19:00:00-05:00,2835.0,2849.95,2798.2,2816.35,92047
2019-12-16 19:00:00-05:00,2828.0,2844.75,2811.0,2826.9,83513
2019-12-17 19:00:00-05:00,2840.0,2876.25,2827.1,2873.45,131866
2019-12-18 19:00:00-05:00,2874.0,2892.35,2842.0,2869.55,85390
2019-12-19 19:00:00-05:00,2865.3,2881.25,2855.75,2863.35,70098
2019-12-22 19:00:00-05:00,2867.6,2917.95,2867.6,2908.4,98445
2019-12-23 19:00:00-05:00,2918.9,2918.9,2886.05,2895.95,55498
2019-12-25 19:00:00-05:00,2896.55,2914.75,2860.1,2865.6,71200
2019-12-26 19:00:00-05:00,2875.0,2905.0,2861.6,2897.6,77259
2019-12-29 19:00:00-05:00,2882.3,2928.0,2875.0,2888.85,84570
2019-12-30 19:00:00-05:00,2890.0,2914.85,2864.05,2879.4,73522
2020-01-01 19:00:00-05:00,2883.8,2892.4,2860.35,2864.9,84887
2020-01-02 19:00:00-05:00,2864.9,2896.95,2852.05,2883.9,85744
2020-01-05 19:00:00-05:00,2871.0,2897.8,2854.2,2878.85,59591
2020-01-06 19:00:00-05:00,2890.0,2910.0,2878.0,2884.2,83598
2020-01-07 19:00:00-05:00,2875.0,2905.0,2866.0,2897.25,69769
2020-01-08 19:00:00-05:00,2911.6,2936.55,2901.0,2920.5,81633
2020-01-09 19:00:00-05:00,2930.0,3006.95,2925.65,2933.0,151257
2020-01-12 19:00:00-05:00,2932.9,2966.5,2915.7,2954.7,104301
2020-01-13 19:00:00-05:00,2954.8,2968.75,2932.0,2947.8,79335
2020-01-14 19:00:00-05:00,2946.15,2946.3,2900.0,2918.65,106873
2020-01-15 19:00:00-05:00,2928.0,2951.25,2921.65,2937.45,92308
2020-01-16 19:00:00-05:00,2944.4,3049.0,2940.0,3034.35,160644
2020-01-19 19:00:00-05:00,3043.0,3079.7,3032.25,3059.6,158670
2020-01-20 19:00:00-05:00,3055.55,3079.5,3036.6,3060.45,128160
2020-01-21 19:00:00-05:00,3060.55,3105.05,3047.4,3062.05,105795
2020-01-22 19:00:00-05:00,3055.3,3078.7,3024.6,3038.15,104796
2020-01-23 19:00:00-05:00,3044.0,3047.05,3025.2,3031.4,84325
2020-01-26 19:00:00-05:00,3029.0,3208.95,3002.2,3188.75,286970
2020-01-27 19:00:00-05:00,3190.0,3249.95,3158.1,3189.15,269328
2020-01-28 19:00:00-05:00,3189.15,3200.0,3102.45,3148.25,200033
2020-01-29 19:00:00-05:00,3152.3,3169.0,3118.55,3154.85,119634
2020-01-30 19:00:00-05:00,3155.25,3191.25,3102.55,3114.5,128555
2020-01-31 19:00:00-05:00,3114.5,3140.0,3096.85,3123.05,43280
2020-02-02 19:00:00-05:00,3124.0,3173.0,3121.75,3144.15,106728
2020-02-03 19:00:00-05:00,3154.0,3276.05,3152.05,3241.85,161696
2020-02-04 19:00:00-05:00,3235.0,3250.0,3121.7,3133.35,147706
2020-02-05 19:00:00-05:00,3167.6,3176.8,3136.7,3158.95,99952
2020-02-06 19:00:00-05:00,3159.85,3185.0,3137.0,3166.7,115376
2020-02-09 19:00:00-05:00,3166.45,3173.0,3113.0,3149.1,68901
2020-02-10 19:00:00-05:00,3159.9,3203.75,3135.75,3191.2,100536
2020-02-11 19:00:00-05:00,3172.15,3213.6,3165.5,3195.7,91133
2020-02-12 19:00:00-05:00,3222.75,3336.35,3198.0,3324.6,233011
2020-02-13 19:00:00-05:00,3305.2,3332.95,3277.0,3304.3,146223
2020-02-16 19:00:00-05:00,3325.8,3341.7,3287.2,3295.55,126684
2020-02-17 19:00:00-05:00,3288.0,3288.0,3233.25,3251.35,147652
2020-02-18 19:00:00-05:00,3258.0,3298.35,3258.0,3278.15,70997
2020-02-19 19:00:00-05:00,3289.3,3363.75,3242.5,3255.3,139772
2020-02-23 19:00:00-05:00,3257.0,3257.0,3166.5,3176.3,97563
2020-02-24 19:00:00-05:00,3182.0,3182.0,3057.0,3086.9,182888
2020-02-25 19:00:00-05:00,3097.0,3115.5,3060.3,3075.35,140168
2020-02-26 19:00:00-05:00,3094.0,3094.0,3030.0,3067.05,142650
2020-02-27 19:00:00-05:00,3030.0,3088.5,2905.25,2927.1,217644
2020-03-01 19:00:00-05:00,2961.0,2994.95,2877.5,2905.55,126340
2020-03-02 19:00:00-05:00,2940.0,3076.95,2931.25,3043.7,160371
2020-03-03 19:00:00-05:00,3065.0,3185.7,3036.0,3171.35,228931
2020-03-04 19:00:00-05:00,3171.0,3230.0,3166.55,3184.45,142285
2020-03-05 19:00:00-05:00,3085.2,3205.25,3085.2,3170.95,158698
2020-03-08 20:00:00-04:00,3158.75,3189.0,3026.35,3061.25,130660
2020-03-10 20:00:00-04:00,3070.0,3082.0,2984.0,3000.6,163083
2020-03-11 20:00:00-04:00,2948.0,2982.5,2803.55,2850.4,134489
2020-03-12 20:00:00-04:00,2729.95,3135.4,2610.0,2885.1,136953
2020-03-15 20:00:00-04:00,2790.0,2980.85,2760.0,2826.95,173479
2020-03-16 20:00:00-04:00,2830.0,2904.0,2757.75,2781.2,159324
2020-03-17 20:00:00-04:00,2801.8,2801.8,2621.4,2668.45,148407
2020-03-18 20:00:00-04:00,2608.0,2679.2,2498.0,2623.95,127433
2020-03-19 20:00:00-04:00,2641.0,2949.0,2641.0,2897.25,182467
2020-03-22 20:00:00-04:00,2680.25,3045.85,2680.25,2768.4,155253
2020-03-23 20:00:00-04:00,2850.0,2960.0,2801.1,2857.95,169772
2020-03-24 20:00:00-04:00,2827.25,2948.9,2795.7,2922.0,114484
2020-03-25 20:00:00-04:00,2975.2,3066.55,2879.4,2948.55,102061
2020-03-26 20:00:00-04:00,2952.8,3046.95,2850.0,2916.5,116256
2020-03-29 20:00:00-04:00,2879.6,3050.0,2811.3,2994.25,172435
2020-03-30 20:00:00-04:00,3050.0,3152.0,3039.25,3120.75,143260
2020-03-31 20:00:00-04:00,3119.95,3144.0,3066.0,3095.0,116648
2020-04-02 20:00:00-04:00,3085.0,3218.25,3025.7,3146.8,164608
2020-04-06 20:00:00-04:00,3250.0,3612.6,3213.95,3583.2,247544
2020-04-07 20:00:00-04:00,3525.0,3764.65,3477.05,3683.0,206725
2020-04-08 20:00:00-04:00,3740.0,3809.85,3594.85,3621.55,220539
2020-04-12 20:00:00-04:00,3694.0,3855.0,3612.1,3746.6,215813
2020-04-14 20:00:00-04:00,3825.0,3893.6,3777.0,3807.6,196327
2020-04-15 20:00:00-04:00,3806.4,3890.0,3790.05,3860.65,183301
2020-04-16 20:00:00-04:00,3970.0,3997.9,3823.6,3929.55,178291
2020-04-19 20:00:00-04:00,3923.55,3924.9,3810.3,3844.75,158926
2020-04-20 20:00:00-04:00,3835.0,4046.05,3823.65,4016.4,232625
2020-04-21 20:00:00-04:00,3989.95,4094.3,3962.75,4056.8,199224
2020-04-22 20:00:00-04:00,4031.0,4086.0,4010.0,4027.1,163448
2020-04-23 20:00:00-04:00,4010.0,4046.95,3974.9,4002.8,157641
2020-04-26 20:00:00-04:00,4002.8,4064.95,3955.3,3980.3,167881
2020-04-27 20:00:00-04:00,4030.0,4030.0,3892.05,3949.75,145307
2020-04-28 20:00:00-04:00,3949.75,3957.1,3872.55,3880.7,182512
2020-04-29 20:00:00-04:00,3933.1,4090.0,3895.2,3936.3,214225
2020-05-03 20:00:00-04:00,3850.0,4001.25,3850.0,3939.0,168631
2020-05-04 20:00:00-04:00,3980.0,3985.0,3807.65,3833.9,132670
2020-05-05 20:00:00-04:00,3851.0,3880.0,3805.05,3852.5,137223
2020-05-06 20:00:00-04:00,3908.9,3936.0,3818.55,3837.65,138582
2020-05-07 20:00:00-04:00,3900.1,4094.85,3900.1,3984.0,206044
2020-05-10 20:00:00-04:00,3977.8,3977.8,3850.0,3862.0,168437
2020-05-11 20:00:00-04:00,3863.2,3901.9,3760.0,3773.4,159699
2020-05-12 20:00:00-04:00,3849.0,3849.0,3736.35,3779.6,127360
2020-05-13 20:00:00-04:00,3790.0,3819.95,3719.0,3732.0,158786
2020-05-14 20:00:00-04:00,3746.0,3778.9,3718.3,3735.1,151515
2020-05-17 20:00:00-04:00,3760.15,3760.15,3614.65,3679.15,147945
2020-05-18 20:00:00-04:00,3700.15,3722.0,3660.15,3699.6,158896
2020-05-19 20:00:00-04:00,3720.9,3929.6,3693.2,3910.2,258969
2020-05-20 20:00:00-04:00,3950.0,3950.5,3828.05,3847.5,220301
2020-05-21 20:00:00-04:00,3840.6,3910.0,3811.0,3892.85,159723
2020-05-25 20:00:00-04:00,3899.0,3939.0,3853.45,3864.3,168118
2020-05-26 20:00:00-04:00,3864.75,3900.0,3814.0,3883.0,140596
2020-05-27 20:00:00-04:00,3895.0,3910.8,3842.75,3887.75,151545
2020-05-28 20:00:00-04:00,3880.0,4090.05,3870.0,4071.25,195107
2020-05-31 20:00:00-04:00,4077.6,4091.6,3941.25,3953.55,203049
2020-06-01 20:00:00-04:00,3985.0,4006.95,3887.05,3895.3,241010
2020-06-02 20:00:00-04:00,3928.8,3990.0,3914.05,3962.4,127508
2020-06-03 20:00:00-04:00,3959.9,4056.0,3956.85,3998.9,157643
2020-06-04 20:00:00-04:00,4019.45,4050.0,3993.25,4024.9,145940
2020-06-07 20:00:00-04:00,4034.9,4034.9,3943.0,3967.6,113180
2020-06-08 20:00:00-04:00,3930.0,4142.0,3930.0,4123.8,245806
2020-06-09 20:00:00-04:00,4145.0,4190.0,4087.7,4112.5,184528
2020-06-10 20:00:00-04:00,4113.0,4127.95,4039.5,4057.6,120864
2020-06-11 20:00:00-04:00,3992.0,4036.6,3981.05,4007.95,126399
2020-06-14 20:00:00-04:00,4048.0,4126.9,3963.85,4012.3,177190
2020-06-15 20:00:00-04:00,4065.0,4078.75,3952.75,4005.45,153286
2020-06-16 20:00:00-04:00,4005.45,4042.75,3972.0,3985.2,123689
2020-06-17 20:00:00-04:00,4010.0,4052.4,3992.0,4007.0,112469
2020-06-18 20:00:00-04:00,4020.25,4044.9,3993.0,4005.6,125307
2020-06-21 20:00:00-04:00,4032.0,4061.9,4011.2,4032.85,118030
2020-06-22 20:00:00-04:00,4047.9,4129.95,4040.1,4108.85,167959
2020-06-23 20:00:00-04:00,4112.45,4135.7,4029.05,4042.65,99411
2020-06-24 20:00:00-04:00,4030.0,4041.0,3976.6,4006.6,144884
2020-06-25 20:00:00-04:00,4015.0,4065.0,3966.0,3998.6,146511
2020-06-28 20:00:00-04:00,3998.0,4044.0,3960.0,3973.85,121095
2020-06-29 20:00:00-04:00,4000.0,4009.6,3926.0,3944.95,126285
2020-06-30 20:00:00-04:00,3965.2,3966.0,3885.85,3911.45,125490
2020-07-01 20:00:00-04:00,3946.0,3979.0,3901.0,3920.55,155666
2020-07-02 20:00:00-04:00,3940.0,3967.0,3910.0,3921.45,104722
2020-07-05 20:00:00-04:00,3925.0,3940.0,3877.0,3892.0,109896
2020-07-06 20:00:00-04:00,3894.9,3919.0,3814.0,3823.5,165363
2020-07-07 20:00:00-04:00,3831.0,3944.7,3831.0,3886.7,212961
2020-07-08 20:00:00-04:00,3905.0,3917.0,3855.0,3896.6,114186
2020-07-09 20:00:00-04:00,3899.7,3957.0,3885.0,3905.45,157569
2020-07-12 20:00:00-04:00,3915.3,3928.7,3874.0,3899.55,142756
2020-07-13 20:00:00-04:00,3904.0,3995.0,3877.95,3983.15,167684
2020-07-14 20:00:00-04:00,3989.0,4047.5,3961.0,4036.45,206463
2020-07-15 20:00:00-04:00,4031.1,4162.95,4011.1,4152.15,231494
2020-07-16 20:00:00-04:00,4141.0,4158.0,4100.0,4118.75,144424
2020-07-19 20:00:00-04:00,4139.35,4152.05,4073.15,4092.1,132521
2020-07-20 20:00:00-04:00,4100.25,4130.6,4006.45,4033.55,143084
2020-07-21 20:00:00-04:00,4053.55,4130.0,4025.05,4061.6,133607
2020-07-22 20:00:00-04:00,4090.9,4140.0,4062.1,4130.0,149938
2020-07-23 20:00:00-04:00,4130.0,4179.7,4051.65,4065.95,162300
2020-07-26 20:00:00-04:00,4085.0,4085.5,3964.85,4015.7,124014
2020-07-27 20:00:00-04:00,4019.0,4092.0,4013.9,4051.35,119667
2020-07-28 20:00:00-04:00,4082.45,4333.95,4075.4,4302.2,265087
2020-07-29 20:00:00-04:00,4393.9,4560.0,4340.65,4516.6,396180
2020-07-30 20:00:00-04:00,4479.0,4550.0,4456.2,4521.05,199811
2020-08-02 20:00:00-04:00,4521.05,4670.0,4500.0,4527.45,261998
2020-08-03 20:00:00-04:00,4530.7,4650.5,4491.95,4634.85,249708
2020-08-04 20:00:00-04:00,4655.05,4663.6,4582.7,4600.95,175936
2020-08-05 20:00:00-04:00,4610.05,4657.8,4568.65,4583.05,154862
2020-08-06 20:00:00-04:00,4590.0,4706.9,4561.95,4573.5,208640
2020-08-09 20:00:00-04:00,4605.0,4752.25,4605.0,4690.9,210730
2020-08-10 20:00:00-04:00,4715.05,4734.55,4565.0,4595.9,189549
2020-08-11 20:00:00-04:00,4575.0,4575.0,4484.65,4518.15,161555
2020-08-12 20:00:00-04:00,4550.15,4590.45,4491.75,4502.25,154158
2020-08-13 20:00:00-04:00,4526.15,4585.0,4470.0,4519.4,180358
2020-08-16 20:00:00-04:00,4519.45,4569.9,4500.2,4519.15,128448
2020-08-17 20:00:00-04:00,4538.0,4559.5,4493.6,4520.4,124360
2020-08-18 20:00:00-04:00,4540.0,4558.8,4478.35,4489.25,138875
2020-08-19 20:00:00-04:00,4485.0,4526.4,4461.35,4476.0,127828
2020-08-20 20:00:00-04:00,4520.0,4520.0,4474.0,4489.75,122113
2020-08-23 20:00:00-04:00,4489.75,4507.0,4425.0,4472.55,153254
2020-08-24 20:00:00-04:00,4490.0,4492.4,4420.0,4427.7,123384
2020-08-25 20:00:00-04:00,4431.0,4452.9,4400.0,4434.75,154094
2020-08-26 20:00:00-04:00,4442.4,4467.95,4418.0,4437.0,201613
2020-08-27 20:00:00-04:00,4460.0,4465.0,4361.25,4374.3,182048
2020-08-30 20:00:00-04:00,4375.0,4425.0,4216.65,4264.7,173757
2020-08-31 20:00:00-04:00,4271.1,4375.85,4232.0,4351.95,146841
2020-09-01 20:00:00-04:00,4351.25,4397.4,4316.7,4352.75,124524
2020-09-02 20:00:00-04:00,4374.55,4465.0,4340.15,4433.15,157249
2020-09-03 20:00:00-04:00,4400.0,4481.7,4293.35,4322.5,204321
2020-09-06 20:00:00-04:00,4344.15,4436.0,4299.05,4419.85,187095
2020-09-07 20:00:00-04:00,4465.0,4481.1,4330.0,4348.8,191098
2020-09-08 20:00:00-04:00,4349.9,4444.0,4338.8,4429.45,197546
2020-09-09 20:00:00-04:00,4460.0,4460.0,4340.75,4380.15,147084
2020-09-10 20:00:00-04:00,4400.0,4446.8,4375.0,4401.6,165690
2020-09-13 20:00:00-04:00,4423.65,4423.65,4336.0,4364.1,120294
2020-09-14 20:00:00-04:00,4374.95,4548.0,4374.95,4442.35,284521
2020-09-15 20:00:00-04:00,4455.0,4650.8,4411.0,4627.9,232035
2020-09-16 20:00:00-04:00,4704.0,4844.9,4658.0,4827.25,413303
2020-09-17 20:00:00-04:00,5000.0,5496.0,4951.0,5333.35,440758
2020-09-20 20:00:00-04:00,5333.35,5508.0,5114.55,5142.0,388356
2020-09-21 20:00:00-04:00,5214.0,5251.25,5058.95,5167.95,369482
2020-09-22 20:00:00-04:00,5256.0,5279.3,5060.25,5107.75,336661
2020-09-23 20:00:00-04:00,5060.0,5202.2,5003.7,5027.4,341984
2020-09-24 20:00:00-04:00,5120.0,5150.05,5052.0,5112.2,286426
2020-09-27 20:00:00-04:00,5199.95,5199.95,5090.8,5129.85,278956
2020-09-28 20:00:00-04:00,5130.0,5154.4,5066.5,5084.2,211594
2020-09-29 20:00:00-04:00,5100.0,5316.0,5085.0,5187.8,323199
2020-09-30 20:00:00-04:00,5225.0,5254.0,5090.15,5112.05,248356
2020-10-04 20:00:00-04:00,5170.0,5189.3,5103.0,5159.5,232281
2020-10-05 20:00:00-04:00,5159.5,5225.6,5113.25,5136.5,208450
2020-10-06 20:00:00-04:00,5145.0,5195.0,5093.9,5104.95,218468
2020-10-07 20:00:00-04:00,5144.0,5213.3,5061.55,5194.4,268309
2020-10-08 20:00:00-04:00,5151.0,5255.0,5136.4,5153.0,236686
2020-10-11 20:00:00-04:00,5158.1,5238.0,5111.1,5220.5,237192
2020-10-12 20:00:00-04:00,5230.0,5322.55,5158.55,5168.75,322481
2020-10-13 20:00:00-04:00,5175.0,5218.6,5090.85,5123.0,222525
2020-10-14 20:00:00-04:00,5148.65,5165.0,5020.25,5056.25,241515
2020-10-15 20:00:00-04:00,5036.0,5124.95,5022.35,5080.55,235338
2020-10-18 20:00:00-04:00,5211.0,5211.0,5044.2,5058.15,228772
2020-10-19 20:00:00-04:00,5056.95,5110.0,5031.35,5071.15,208204
2020-10-20 20:00:00-04:00,5096.55,5096.55,4907.9,5046.75,205976
2020-10-21 20:00:00-04:00,5036.7,5044.05,4832.65,5022.0,302210
2020-10-22 20:00:00-04:00,5051.0,5091.0,5000.0,5018.25,227496
2020-10-25 20:00:00-04:00,5008.0,5060.95,4951.25,4978.1,197509
2020-10-26 20:00:00-04:00,4990.0,5127.0,4960.5,5099.4,229201
2020-10-27 20:00:00-04:00,5110.0,5148.5,4920.0,4951.0,267811
2020-10-28 20:00:00-04:00,4920.0,5040.0,4895.05,4941.95,246817
2020-10-29 20:00:00-04:00,4974.0,4976.65,4871.15,4888.65,183167
2020-11-01 19:00:00-05:00,4896.0,4920.0,4820.8,4858.65,169051
2020-11-02 19:00:00-05:00,4851.0,4920.0,4831.1,4877.35,225612
2020-11-03 19:00:00-05:00,4901.75,4964.8,4877.45,4935.6,208147
2020-11-04 19:00:00-05:00,4972.75,4994.75,4922.15,4958.5,158106
2020-11-05 19:00:00-05:00,4962.9,4962.9,4891.95,4902.95,159706
2020-11-08 19:00:00-05:00,4925.0,4954.0,4870.0,4879.65,187597
2020-11-09 19:00:00-05:00,4824.0,4868.0,4680.1,4698.0,214533
2020-11-10 19:00:00-05:00,4730.0,4919.9,4693.6,4882.15,272621
2020-11-11 19:00:00-05:00,4875.0,4925.0,4808.1,4826.85,198808
2020-11-12 19:00:00-05:00,4850.0,4884.0,4830.05,4872.05,180785
2020-11-16 19:00:00-05:00,4875.0,4879.85,4772.0,4784.15,192746
2020-11-17 19:00:00-05:00,4785.0,4793.05,4675.0,4703.8,193443
2020-11-18 19:00:00-05:00,4675.0,4811.0,4659.05,4707.7,215338
2020-11-19 19:00:00-05:00,4730.0,4752.3,4656.7,4670.95,138660
2020-11-22 19:00:00-05:00,4685.0,4870.0,4671.15,4828.75,225060
2020-11-23 19:00:00-05:00,4850.0,4940.0,4789.15,4915.5,234999
2020-11-24 19:00:00-05:00,4998.0,5017.0,4781.0,4806.3,235298
2020-11-25 19:00:00-05:00,4810.0,4928.9,4778.0,4901.35,211876
2020-11-26 19:00:00-05:00,4901.0,4935.0,4810.55,4828.95,215524
2020-11-30 19:00:00-05:00,4870.0,4870.0,4806.0,4830.4,155531
2020-12-01 19:00:00-05:00,4852.1,4889.0,4811.0,4850.25,180642
2020-12-02 19:00:00-05:00,4870.0,4939.0,4843.0,4923.05,164989
2020-12-03 19:00:00-05:00,4940.0,4958.25,4862.1,4908.55,191995
2020-12-06 19:00:00-05:00,4930.0,5073.8,4905.1,5029.1,243352
2020-12-07 19:00:00-05:00,5050.0,5080.0,4957.3,5015.2,183023
2020-12-08 19:00:00-05:00,5025.0,5100.0,5025.0,5056.9,170235
2020-12-09 19:00:00-05:00,5058.0,5085.0,5015.0,5053.1,147109
2020-12-10 19:00:00-05:00,5055.1,5083.35,4984.95,5016.95,137833
2020-12-13 19:00:00-05:00,4952.0,5054.0,4952.0,5022.8,189975
2020-12-14 19:00:00-05:00,5046.95,5076.0,5010.8,5031.35,151294
2020-12-15 19:00:00-05:00,5050.0,5050.0,5006.0,5038.95,161765
2020-12-16 19:00:00-05:00,5050.0,5133.0,5030.0,5072.85,217539
2020-12-17 19:00:00-05:00,5080.0,5262.25,5078.2,5228.75,325004
2020-12-20 19:00:00-05:00,5243.0,5274.15,4962.4,5068.55,220255
2020-12-21 19:00:00-05:00,5107.7,5175.0,4939.0,5161.8,196393
2020-12-22 19:00:00-05:00,5161.45,5237.25,5132.25,5224.1,159930
2020-12-23 19:00:00-05:00,5247.0,5247.0,5165.0,5201.8,135439
2020-12-27 19:00:00-05:00,5228.15,5235.0,5187.0,5201.8,97197
2020-12-28 19:00:00-05:00,5225.0,5267.95,5145.6,5165.6,160841
2020-12-29 19:00:00-05:00,5191.45,5191.45,5142.5,5170.95,100478
2020-12-30 19:00:00-05:00,5190.0,5252.7,5166.75,5241.35,185009
2021-01-03 19:00:00-05:00,5260.0,5307.0,5241.35,5272.25,131906
2021-01-04 19:00:00-05:00,5240.0,5337.0,5230.0,5286.9,155905
2021-01-05 19:00:00-05:00,5286.9,5311.95,5227.35,5288.3,109883
2021-01-06 19:00:00-05:00,5301.0,5325.0,5253.15,5270.9,150755
2021-01-07 19:00:00-05:00,5299.9,5360.0,5279.0,5338.25,142886
2021-01-10 19:00:00-05:00,5344.0,5426.95,5327.7,5416.8,149964
2021-01-11 19:00:00-05:00,5440.95,5443.45,5332.75,5353.85,138080
2021-01-12 19:00:00-05:00,5365.0,5372.6,5239.0,5290.0,123295
2021-01-13 19:00:00-05:00,5304.9,5328.0,5265.0,5308.9,97733
2021-01-14 19:00:00-05:00,5315.0,5315.0,5195.6,5212.8,96265
2021-01-17 19:00:00-05:00,5231.0,5237.7,5035.0,5052.1,133840
2021-01-18 19:00:00-05:00,5088.0,5104.95,5036.55,5088.9,147171
2021-01-19 19:00:00-05:00,5102.3,5159.75,5065.15,5080.65,131176
2021-01-20 19:00:00-05:00,5110.0,5137.25,5034.55,5052.2,119217
2021-01-21 19:00:00-05:00,5048.75,5103.85,4985.0,5036.9,138696
2021-01-24 19:00:00-05:00,5042.0,5127.7,4960.0,5082.4,140893
2021-01-26 19:00:00-05:00,5052.4,5052.4,4833.0,4909.3,131678
2021-01-27 19:00:00-05:00,4845.0,4903.7,4777.9,4871.8,158978
2021-01-28 19:00:00-05:00,4890.0,4914.9,4551.1,4602.7,239599
2021-01-31 19:00:00-05:00,4560.05,4577.65,4393.15,4428.15,257811
2021-02-01 19:00:00-05:00,4469.0,4528.0,4382.75,4482.5,288787
2021-02-02 19:00:00-05:00,4578.95,4756.8,4574.85,4649.55,249057
2021-02-03 19:00:00-05:00,4693.0,4705.45,4622.1,4667.95,181928
2021-02-04 19:00:00-05:00,4685.0,4830.0,4626.45,4800.9,281279
2021-02-07 19:00:00-05:00,4865.0,4909.95,4825.0,4859.8,227175
2021-02-08 19:00:00-05:00,4850.0,4895.4,4805.15,4844.1,174329
2021-02-09 19:00:00-05:00,4845.0,4884.1,4761.0,4824.05,211509
2021-02-10 19:00:00-05:00,4821.0,4859.35,4811.0,4825.05,135258
2021-02-11 19:00:00-05:00,4859.8,4859.8,4785.0,4792.0,105329
2021-02-14 19:00:00-05:00,4792.0,4833.55,4700.1,4709.85,143449
2021-02-15 19:00:00-05:00,4729.0,4761.6,4670.0,4696.6,134739
2021-02-16 19:00:00-05:00,4696.6,4708.5,4580.0,4600.55,163704
2021-02-17 19:00:00-05:00,4607.0,4662.0,4560.05,4616.95,139047
2021-02-18 19:00:00-05:00,4602.0,4728.0,4530.0,4681.45,151211
2021-02-21 19:00:00-05:00,4708.0,4725.0,4445.8,4469.25,170419
2021-02-22 19:00:00-05:00,4498.0,4534.2,4420.95,4495.15,158780
2021-02-23 19:00:00-05:00,4495.15,4523.75,4435.55,4435.55,58703
2021-02-24 19:00:00-05:00,4421.15,4590.0,4421.15,4480.15,199388
2021-02-25 19:00:00-05:00,4460.0,4558.6,4405.0,4426.55,187826
2021-02-28 19:00:00-05:00,4445.0,4477.0,4401.5,4453.4,123477
2021-03-01 19:00:00-05:00,4473.4,4479.35,4390.15,4404.7,174267
2021-03-02 19:00:00-05:00,4465.0,4515.6,4426.0,4502.55,146260
2021-03-03 19:00:00-05:00,4482.0,4583.3,4444.1,4575.05,222061
2021-03-04 19:00:00-05:00,4550.0,4559.95,4484.0,4492.5,136717
2021-03-07 19:00:00-05:00,4500.0,4522.0,4463.0,4492.25,110435
2021-03-08 19:00:00-05:00,4500.95,4520.0,4416.5,4448.3,111563
2021-03-09 19:00:00-05:00,4496.0,4519.85,4456.05,4500.4,128810
2021-03-11 19:00:00-05:00,4520.0,4529.9,4403.1,4426.5,140433
2021-03-14 20:00:00-04:00,4460.0,4461.45,4285.0,4342.25,163535
2021-03-15 20:00:00-04:00,4380.1,4466.65,4365.0,4449.7,154716
2021-03-16 20:00:00-04:00,4449.7,4464.95,4344.3,4355.85,177305
2021-03-17 20:00:00-04:00,4370.0,4378.5,4200.0,4212.75,184279
2021-03-18 20:00:00-04:00,4210.0,4305.15,4135.2,4274.45,177568
2021-03-21 20:00:00-04:00,4276.9,4367.5,4271.15,4353.95,135871
2021-03-22 20:00:00-04:00,4350.0,4403.0,4322.35,4372.25,115018
2021-03-23 20:00:00-04:00,4350.25,4418.0,4336.6,4350.5,135022
2021-03-24 20:00:00-04:00,4350.0,4402.1,4284.8,4380.55,148948
2021-03-25 20:00:00-04:00,4420.0,4420.5,4350.0,4406.0,133984
2021-03-29 20:00:00-04:00,4429.95,4527.2,4429.0,4518.2,134408
2021-03-30 20:00:00-04:00,4510.0,4546.7,4481.0,4516.0,123975
2021-03-31 20:00:00-04:00,4550.0,4594.8,4522.2,4587.65,107523
2021-04-04 20:00:00-04:00,4560.0,4584.0,4424.0,4556.6,147648
2021-04-05 20:00:00-04:00,4559.0,4639.9,4542.8,4619.25,142419
2021-04-06 20:00:00-04:00,4662.3,4733.9,4645.1,4692.65,170906
2021-04-07 20:00:00-04:00,4692.75,4756.0,4661.2,4689.05,116286
2021-04-08 20:00:00-04:00,4692.9,4792.95,4692.9,4760.3,195005
2021-04-11 20:00:00-04:00,4775.0,5115.55,4696.0,4996.95,236596
2021-04-12 20:00:00-04:00,5144.7,5144.7,4751.1,4777.3,220828
2021-04-14 20:00:00-04:00,4842.9,4875.05,4787.7,4845.55,164826
2021-04-15 20:00:00-04:00,4863.8,4940.0,4816.0,4893.25,181781
2021-04-18 20:00:00-04:00,4893.0,5005.0,4807.05,4968.1,185817
2021-04-19 20:00:00-04:00,5100.0,5210.6,5099.95,5156.75,245013
2021-04-21 20:00:00-04:00,5179.95,5288.95,5161.2,5199.85,193444
2021-04-22 20:00:00-04:00,5228.0,5262.85,5030.2,5066.7,210563
2021-04-25 20:00:00-04:00,5125.0,5125.0,5030.25,5066.7,143983
2021-04-26 20:00:00-04:00,5090.5,5115.85,5022.0,5057.25,155993
2021-04-27 20:00:00-04:00,5082.55,5105.0,5030.0,5044.45,124140
2021-04-28 20:00:00-04:00,5070.25,5144.0,5042.7,5102.3,170894
2021-04-29 20:00:00-04:00,5140.0,5211.0,5125.25,5163.1,174792
2021-05-02 20:00:00-04:00,5193.95,5209.9,5140.0,5185.95,144655
2021-05-03 20:00:00-04:00,5211.0,5222.45,5055.1,5067.25,131564
2021-05-04 20:00:00-04:00,5110.0,5201.5,5070.5,5160.95,154511
2021-05-05 20:00:00-04:00,5165.0,5250.8,5130.6,5168.45,137293
2021-05-06 20:00:00-04:00,5199.95,5247.05,5166.2,5174.7,125311
2021-05-09 20:00:00-04:00,5380.0,5380.0,5272.15,5327.55,178192
2021-05-10 20:00:00-04:00,5325.0,5349.95,5271.3,5295.95,142343
2021-05-11 20:00:00-04:00,5318.0,5340.0,5275.0,5301.45,140444
2021-05-13 20:00:00-04:00,5338.55,5398.4,5160.0,5196.85,205518
2021-05-16 20:00:00-04:00,5250.0,5259.9,5150.0,5250.3,163588
2021-05-17 20:00:00-04:00,5290.25,5304.9,5210.0,5215.45,138217
2021-05-18 20:00:00-04:00,5235.0,5264.0,5206.05,5237.8,153543
2021-05-19 20:00:00-04:00,5255.0,5286.0,5225.0,5236.3,142928
2021-05-20 20:00:00-04:00,5256.0,5269.5,5196.3,5216.45,133577
2021-05-23 20:00:00-04:00,5236.0,5283.2,5228.3,5272.15,126582
2021-05-24 20:00:00-04:00,5289.4,5320.0,5256.95,5311.2,127642
2021-05-25 20:00:00-04:00,5320.0,5335.0,5275.0,5285.2,99182
2021-05-26 20:00:00-04:00,5278.75,5283.9,5230.15,5268.85,123624
2021-05-27 20:00:00-04:00,5280.0,5280.0,5151.0,5194.55,119659
2021-05-30 20:00:00-04:00,5217.0,5326.0,5172.1,5309.15,155283
2021-05-31 20:00:00-04:00,5305.0,5339.0,5265.3,5316.5,131673
2021-06-01 20:00:00-04:00,5306.25,5354.0,5283.0,5312.35,115368
2021-06-02 20:00:00-04:00,5310.0,5340.0,5267.45,5282.55,104580
2021-06-03 20:00:00-04:00,5282.55,5290.0,5242.0,5255.0,76384
2021-06-06 20:00:00-04:00,5261.0,5273.7,5212.75,5219.2,77176
2021-06-07 20:00:00-04:00,5220.0,5295.9,5150.1,5274.75,142659
2021-06-08 20:00:00-04:00,5277.9,5310.0,5208.2,5222.8,101888
2021-06-09 20:00:00-04:00,5232.5,5299.9,5232.5,5292.05,81339
2021-06-10 20:00:00-04:00,5300.0,5489.55,5288.55,5453.0,159750
2021-06-13 20:00:00-04:00,5453.0,5515.0,5370.05,5461.35,140868
2021-06-14 20:00:00-04:00,5475.0,5483.05,5404.0,5410.85,122657
2021-06-15 20:00:00-04:00,5410.0,5458.0,5345.0,5406.1,125804
2021-06-16 20:00:00-04:00,5406.1,5414.0,5260.2,5286.5,128096
2021-06-17 20:00:00-04:00,5315.0,5345.0,5235.0,5283.9,108196
2021-06-20 20:00:00-04:00,5275.0,5300.0,5227.0,5282.0,95648
2021-06-21 20:00:00-04:00,5285.5,5320.0,5250.5,5308.35,107930
2021-06-22 20:00:00-04:00,5322.0,5349.65,5287.2,5299.35,85814
2021-06-23 20:00:00-04:00,5299.0,5314.95,5250.05,5277.65,95956
2021-06-24 20:00:00-04:00,5277.0,5336.0,5267.0,5309.3,96903
2021-06-27 20:00:00-04:00,5329.0,5416.0,5313.3,5404.25,115211
2021-06-28 20:00:00-04:00,5411.0,5454.9,5380.05,5433.1,98321
2021-06-29 20:00:00-04:00,5439.0,5468.8,5405.0,5423.05,114198
2021-06-30 20:00:00-04:00,5426.0,5577.85,5412.4,5558.5,115383
2021-07-01 20:00:00-04:00,5580.0,5600.0,5512.0,5575.7,108192
2021-07-04 20:00:00-04:00,5576.2,5595.9,5532.0,5537.9,66552
2021-07-05 20:00:00-04:00,5539.8,5561.1,5514.1,5539.45,51382
2021-07-06 20:00:00-04:00,5529.0,5614.0,5520.15,5562.1,112856
2021-07-07 20:00:00-04:00,5540.0,5588.0,5449.6,5466.75,85228
2021-07-08 20:00:00-04:00,5448.0,5518.05,5417.05,5460.3,90030
2021-07-11 20:00:00-04:00,5499.9,5500.0,5441.1,5494.3,49404
2021-07-12 20:00:00-04:00,5494.3,5533.9,5429.0,5437.1,75587
2021-07-13 20:00:00-04:00,5437.1,5455.85,5367.55,5390.85,87286
2021-07-14 20:00:00-04:00,5410.0,5438.5,5371.2,5393.65,68772
2021-07-15 20:00:00-04:00,5393.0,5450.0,5385.25,5406.55,71368
2021-07-18 20:00:00-04:00,5398.0,5445.0,5384.75,5419.35,63114
2021-07-19 20:00:00-04:00,5436.0,5436.0,5322.6,5344.05,70323
2021-07-21 20:00:00-04:00,5394.0,5394.0,5326.55,5384.5,47817
2021-07-22 20:00:00-04:00,5381.5,5432.0,5360.1,5422.15,67230
2021-07-25 20:00:00-04:00,5419.0,5447.0,5399.8,5411.25,46101
2021-07-26 20:00:00-04:00,5438.0,5444.95,4780.65,4843.35,226135
2021-07-27 20:00:00-04:00,4869.95,4872.25,4667.65,4731.75,205406
2021-07-28 20:00:00-04:00,4750.0,4764.7,4660.0,4672.65,142531
2021-07-29 20:00:00-04:00,4685.0,4804.8,4677.8,4711.2,152315
2021-08-01 20:00:00-04:00,4739.0,4750.5,4688.0,4701.55,114328
2021-08-02 20:00:00-04:00,4728.4,4729.0,4692.0,4721.7,124808
2021-08-03 20:00:00-04:00,4725.6,4809.65,4725.6,4768.8,140305
2021-08-04 20:00:00-04:00,4794.0,4809.0,4742.0,4782.3,100001
2021-08-05 20:00:00-04:00,4798.4,4804.0,4756.3,4786.3,81247
2021-08-08 20:00:00-04:00,4795.0,4833.75,4759.3,4818.5,92336
2021-08-09 20:00:00-04:00,4839.0,4858.55,4733.55,4769.75,108381
2021-08-10 20:00:00-04:00,4765.0,4766.95,4690.0,4744.85,102157
2021-08-11 20:00:00-04:00,4749.4,4752.8,4691.0,4716.4,109562
2021-08-12 20:00:00-04:00,4722.1,4735.8,4632.0,4652.2,116003
2021-08-15 20:00:00-04:00,4640.0,4686.6,4609.1,4661.15,81912
2021-08-16 20:00:00-04:00,4665.0,4719.2,4665.0,4700.5,79145
2021-08-17 20:00:00-04:00,4700.0,4755.05,4675.1,4687.05,95246
2021-08-19 20:00:00-04:00,4659.9,4659.9,4508.05,4556.0,123279
2021-08-22 20:00:00-04:00,4599.0,4599.0,4502.05,4514.85,120295
2021-08-23 20:00:00-04:00,4552.0,4595.55,4448.0,4587.4,116540
2021-08-24 20:00:00-04:00,4570.0,4593.45,4523.65,4548.95,102606
2021-08-25 20:00:00-04:00,4548.95,4550.7,4486.4,4503.5,99151
2021-08-26 20:00:00-04:00,4506.0,4610.65,4506.0,4600.55,123382
2021-08-29 20:00:00-04:00,4619.0,4700.0,4578.05,4677.85,114747
2021-08-30 20:00:00-04:00,4677.9,4721.75,4650.75,4704.05,115822
2021-08-31 20:00:00-04:00,4739.0,4784.45,4687.0,4763.45,109201
2021-09-01 20:00:00-04:00,4811.0,4903.9,4811.0,4859.7,135327
2021-09-02 20:00:00-04:00,4876.2,4909.25,4862.6,4898.55,89860
2021-09-05 20:00:00-04:00,4940.0,4942.0,4871.45,4915.95,101510
2021-09-06 20:00:00-04:00,4915.0,4925.7,4857.0,4897.45,89226
2021-09-07 20:00:00-04:00,4915.0,4940.0,4861.35,4911.3,99649
2021-09-08 20:00:00-04:00,4885.0,4920.85,4882.0,4912.05,93203
2021-09-12 20:00:00-04:00,4928.9,4946.8,4873.35,4931.4,67642
2021-09-13 20:00:00-04:00,4949.9,4988.55,4924.0,4930.75,64815
2021-09-14 20:00:00-04:00,4937.0,4975.0,4918.95,4962.6,61054
2021-09-15 20:00:00-04:00,4981.0,4995.0,4916.55,4931.95,62500
2021-09-16 20:00:00-04:00,4933.0,4957.4,4869.95,4884.55,67266
2021-09-19 20:00:00-04:00,4875.0,4884.9,4748.2,4774.95,57123
2021-09-20 20:00:00-04:00,4768.75,4864.0,4745.25,4853.65,71715
2021-09-21 20:00:00-04:00,4854.2,4878.8,4812.05,4846.35,76105
2021-09-22 20:00:00-04:00,4866.9,4868.6,4770.25,4797.3,93671
2021-09-23 20:00:00-04:00,4806.0,4821.1,4778.05,4790.35,61752
2021-09-26 20:00:00-04:00,4797.3,4805.15,4733.0,4791.65,70233
2021-09-27 20:00:00-04:00,4809.9,4852.65,4755.1,4833.15,59409
2021-09-28 20:00:00-04:00,4833.0,4922.9,4791.7,4881.0,98675
2021-09-29 20:00:00-04:00,4889.9,4985.0,4865.45,4880.7,150856
2021-09-30 20:00:00-04:00,4853.0,4964.5,4852.25,4955.85,71878
2021-10-03 20:00:00-04:00,4955.0,5077.0,4950.0,5042.7,127186
2021-10-04 20:00:00-04:00,5037.1,5049.9,4970.0,5034.6,86451
2021-10-05 20:00:00-04:00,5017.5,5041.1,4907.1,4956.6,106407
2021-10-06 20:00:00-04:00,4975.9,4989.9,4883.7,4891.1,94750
2021-10-07 20:00:00-04:00,4906.65,4945.35,4821.0,4849.2,86051
2021-10-10 20:00:00-04:00,4870.0,4919.65,4827.9,4894.35,119656
2021-10-11 20:00:00-04:00,4900.0,4954.4,4856.0,4910.3,68160
2021-10-12 20:00:00-04:00,4909.0,4946.0,4890.1,4928.45,51195
2021-10-13 20:00:00-04:00,4924.0,5009.65,4914.05,4958.7,64186
2021-10-17 20:00:00-04:00,4945.0,4974.5,4865.65,4877.5,87746
2021-10-18 20:00:00-04:00,4905.0,4920.0,4790.0,4801.8,106436
2021-10-19 20:00:00-04:00,4801.05,4844.45,4718.0,4753.9,71812
2021-10-20 20:00:00-04:00,4780.0,4788.0,4600.0,4651.65,91910
2021-10-21 20:00:00-04:00,4655.0,4686.1,4594.05,4637.45,84227
2021-10-24 20:00:00-04:00,4650.9,4698.95,4537.0,4676.15,60678
2021-10-25 20:00:00-04:00,4695.0,4698.8,4637.05,4666.2,58845
2021-10-26 20:00:00-04:00,4655.5,4728.0,4647.05,4662.7,77496
2021-10-27 20:00:00-04:00,4675.0,4689.7,4551.05,4569.95,64234
2021-10-28 20:00:00-04:00,4593.0,4915.0,4530.0,4659.2,100899
2021-10-31 20:00:00-04:00,4685.0,4834.95,4638.3,4801.45,81450
2021-11-01 20:00:00-04:00,4799.85,4804.0,4722.0,4746.1,78652
2021-11-02 20:00:00-04:00,4759.0,4797.95,4753.65,4771.65,61130
2021-11-03 20:00:00-04:00,4775.0,4788.45,4754.0,4766.15,3807
2021-11-07 19:00:00-05:00,4760.0,4810.0,4701.2,4788.75,63158
2021-11-08 19:00:00-05:00,4790.0,4835.0,4775.3,4792.35,71647
2021-11-09 19:00:00-05:00,4784.1,4849.95,4779.55,4829.35,75136
2021-11-10 19:00:00-05:00,4831.0,4849.35,4784.05,4814.95,63499
2021-11-11 19:00:00-05:00,4850.0,4870.0,4817.35,4843.25,54422
2021-11-14 19:00:00-05:00,4841.0,4898.75,4840.8,4873.65,55020
2021-11-15 19:00:00-05:00,4901.0,4901.0,4797.6,4817.6,74524
2021-11-16 19:00:00-05:00,4817.6,4817.7,4750.1,4768.3,49083
2021-11-17 19:00:00-05:00,4759.8,4766.7,4651.1,4671.45,55214
2021-11-21 19:00:00-05:00,4676.45,4688.9,4581.6,4607.6,37485
2021-11-22 19:00:00-05:00,4600.0,4661.85,4551.5,4631.95,49561
2021-11-23 19:00:00-05:00,4628.9,4653.0,4586.6,4598.05,45398
2021-11-24 19:00:00-05:00,4614.0,4696.0,4585.0,4591.6,96614
2021-11-25 19:00:00-05:00,4580.0,4820.0,4576.2,4750.9,153056
2021-11-28 19:00:00-05:00,4850.0,4884.95,4665.6,4697.6,119450
2021-11-29 19:00:00-05:00,4713.9,4744.9,4650.35,4675.85,113862
2021-11-30 19:00:00-05:00,4696.0,4712.4,4591.05,4606.35,76933
2021-12-01 19:00:00-05:00,4609.9,4669.0,4609.9,4662.75,43969
2021-12-02 19:00:00-05:00,4652.2,4659.9,4583.3,4596.5,126196
2021-12-05 19:00:00-05:00,4609.25,4609.25,4488.15,4498.7,51313
2021-12-06 19:00:00-05:00,4520.0,4550.0,4441.3,4520.7,97963
2021-12-07 19:00:00-05:00,4527.25,4589.7,4527.25,4570.7,50023
2021-12-08 19:00:00-05:00,4600.0,4617.95,4565.6,4594.25,60641
2021-12-09 19:00:00-05:00,4610.0,4619.0,4575.0,4593.3,35611
2021-12-12 19:00:00-05:00,4678.0,4678.0,4566.65,4599.8,63848
2021-12-13 19:00:00-05:00,4596.0,4660.0,4577.25,4646.55,53403
2021-12-14 19:00:00-05:00,4645.1,4645.1,4572.5,4600.3,38967
2021-12-15 19:00:00-05:00,4630.0,4636.95,4571.9,4597.35,59922
2021-12-16 19:00:00-05:00,4630.0,4648.0,4498.05,4517.95,88470
2021-12-19 19:00:00-05:00,4496.2,4573.5,4463.1,4560.7,71949
2021-12-20 19:00:00-05:00,4561.05,4629.2,4545.0,4620.9,65245
2021-12-21 19:00:00-05:00,4640.0,4679.3,4610.0,4648.5,49873
2021-12-22 19:00:00-05:00,4673.7,4700.0,4655.1,4694.8,43434
2021-12-23 19:00:00-05:00,4725.0,4729.7,4611.0,4638.65,58589
2021-12-26 19:00:00-05:00,4624.1,4745.0,4624.1,4736.9,73632
2021-12-27 19:00:00-05:00,4736.9,4773.6,4703.65,4743.8,77128
2021-12-28 19:00:00-05:00,4743.8,4848.15,4743.8,4833.15,111839
2021-12-29 19:00:00-05:00,4830.0,4927.65,4825.7,4904.7,112933
2021-12-30 19:00:00-05:00,4904.0,4931.0,4876.5,4907.0,68443
2022-01-02 19:00:00-05:00,4907.0,4930.0,4847.85,4853.15,66111
2022-01-03 19:00:00-05:00,4861.0,4892.85,4825.0,4835.45,60342
2022-01-04 19:00:00-05:00,4880.0,4904.5,4757.1,4790.4,111795
2022-01-05 19:00:00-05:00,4790.4,4835.0,4728.3,4739.45,67298
2022-01-06 19:00:00-05:00,4769.45,4769.45,4690.15,4708.4,61857
2022-01-09 19:00:00-05:00,4728.4,4728.4,4655.15,4699.05,76380
2022-01-10 19:00:00-05:00,4710.0,4739.85,4660.55,4669.25,61153
2022-01-11 19:00:00-05:00,4680.0,4702.8,4634.2,4693.4,63045
2022-01-12 19:00:00-05:00,4700.0,4759.6,4684.6,4725.95,77684
2022-01-13 19:00:00-05:00,4720.2,4722.9,4660.55,4689.2,86407
2022-01-16 19:00:00-05:00,4665.5,4699.95,4607.85,4672.4,91159
2022-01-17 19:00:00-05:00,4670.0,4724.3,4621.0,4693.55,64235
2022-01-18 19:00:00-05:00,4695.0,4734.4,4655.4,4684.95,71970
2022-01-19 19:00:00-05:00,4712.0,4712.0,4570.0,4591.55,60884
2022-01-20 19:00:00-05:00,4561.25,4562.6,4435.0,4496.15,83929
2022-01-23 19:00:00-05:00,4486.1,4489.7,4311.0,4364.35,88108
2022-01-24 19:00:00-05:00,4364.35,4418.95,4301.0,4402.85,68293
2022-01-26 19:00:00-05:00,4340.0,4355.15,4235.55,4256.35,104502
2022-01-27 19:00:00-05:00,4248.8,4378.0,4178.0,4218.6,129433
2022-01-30 19:00:00-05:00,4249.95,4366.15,4245.3,4302.8,92104
2022-01-31 19:00:00-05:00,4320.0,4325.15,4258.0,4309.45,57779
2022-02-01 19:00:00-05:00,4325.0,4429.7,4315.25,4415.35,66004
2022-02-02 19:00:00-05:00,4418.0,4436.95,4360.0,4374.65,56601
2022-02-03 19:00:00-05:00,4404.55,4406.5,4339.2,4351.95,60067
2022-02-06 19:00:00-05:00,4320.0,4350.0,4250.65,4309.2,54089
2022-02-07 19:00:00-05:00,4309.0,4378.95,4281.3,4321.95,93476
2022-02-08 19:00:00-05:00,4322.2,4394.9,4311.5,4368.75,49987
2022-02-09 19:00:00-05:00,4385.0,4386.6,4334.25,4370.7,51913
2022-02-10 19:00:00-05:00,4311.0,4348.0,4280.55,4325.4,58183
2022-02-13 19:00:00-05:00,4250.0,4263.3,4170.05,4204.6,67617
2022-02-14 19:00:00-05:00,4234.0,4294.45,4190.0,4277.55,69632
2022-02-15 19:00:00-05:00,4278.0,4372.0,4244.15,4316.45,90881
2022-02-16 19:00:00-05:00,4322.9,4335.25,4296.1,4301.0,54239
2022-02-17 19:00:00-05:00,4280.0,4343.0,4268.75,4321.15,80944
2022-02-20 19:00:00-05:00,4376.0,4414.0,4282.6,4298.25,86141
2022-02-21 19:00:00-05:00,4189.95,4235.6,4157.2,4218.5,80128
2022-02-22 19:00:00-05:00,4260.0,4260.65,4190.85,4200.95,73053
2022-02-23 19:00:00-05:00,4050.0,4135.5,4050.0,4092.5,112008
2022-02-24 19:00:00-05:00,4114.0,4201.0,4102.3,4176.6,52136
2022-02-27 19:00:00-05:00,4150.0,4150.0,4053.35,4063.4,126841
2022-03-01 19:00:00-05:00,4061.35,4061.35,3826.0,3853.15,158281
2022-03-02 19:00:00-05:00,3879.0,3889.95,3700.5,3718.85,196270
2022-03-03 19:00:00-05:00,3710.0,3872.0,3655.0,3828.65,148900
2022-03-06 19:00:00-05:00,3749.0,3790.25,3669.2,3769.4,122225
2022-03-07 19:00:00-05:00,3750.0,3885.0,3738.0,3868.55,128817
2022-03-08 19:00:00-05:00,3901.5,3981.0,3882.45,3930.45,82027
2022-03-09 19:00:00-05:00,3975.0,3984.05,3875.55,3892.5,92695
2022-03-10 19:00:00-05:00,3893.0,3996.0,3874.05,3975.6,123369
2022-03-13 20:00:00-04:00,3961.0,3994.65,3925.0,3957.3,97224
2022-03-14 20:00:00-04:00,3958.0,3999.0,3880.0,3899.85,71397
2022-03-15 20:00:00-04:00,3974.0,3974.0,3890.0,3943.8,79056
2022-03-16 20:00:00-04:00,3965.1,4050.0,3946.95,4042.15,107623
2022-03-20 20:00:00-04:00,4074.0,4079.9,3996.75,4004.95,89656
2022-03-21 20:00:00-04:00,4021.0,4056.95,3970.0,4030.35,95355
2022-03-22 20:00:00-04:00,4040.0,4188.55,4040.0,4127.3,174718
2022-03-23 20:00:00-04:00,4113.0,4348.55,4101.45,4328.5,169454
2022-03-24 20:00:00-04:00,4327.0,4375.0,4293.2,4361.45,141737
2022-03-27 20:00:00-04:00,4359.8,4362.9,4240.0,4285.45,100011
2022-03-28 20:00:00-04:00,4294.0,4355.55,4248.0,4323.55,85387
2022-03-29 20:00:00-04:00,4352.8,4366.4,4284.15,4354.4,140910
2022-03-30 20:00:00-04:00,4353.0,4386.5,4281.0,4295.45,97176
2022-03-31 20:00:00-04:00,4295.0,4334.65,4265.0,4279.45,67144
2022-04-03 20:00:00-04:00,4340.0,4340.0,4272.8,4317.15,54382
2022-04-04 20:00:00-04:00,4338.9,4408.0,4302.75,4329.9,97388
2022-04-05 20:00:00-04:00,4330.0,4355.0,4266.3,4276.75,82238
2022-04-06 20:00:00-04:00,4295.0,4356.45,4280.0,4317.4,56847
2022-04-07 20:00:00-04:00,4347.0,4477.65,4326.85,4430.35,104255
2022-04-10 20:00:00-04:00,4430.0,4450.0,4375.0,4380.5,47286
2022-04-11 20:00:00-04:00,4376.0,4404.3,4329.0,4372.35,74460
2022-04-12 20:00:00-04:00,4351.0,4362.35,4290.6,4299.2,72557
2022-04-17 20:00:00-04:00,4275.0,4317.7,4231.0,4284.95,70303
2022-04-18 20:00:00-04:00,4310.0,4314.35,4190.0,4209.7,66166
2022-04-19 20:00:00-04:00,4217.0,4340.0,4213.05,4293.4,91907
2022-04-20 20:00:00-04:00,4319.0,4351.15,4310.0,4320.3,92652
2022-04-21 20:00:00-04:00,4296.95,4299.0,4167.2,4192.75,75773
2022-04-24 20:00:00-04:00,4150.0,4175.1,4061.0,4115.45,69785
2022-04-25 20:00:00-04:00,4175.0,4185.25,4137.0,4154.55,40502
2022-04-26 20:00:00-04:00,4154.55,4163.7,4072.55,4077.05,45235
2022-04-27 20:00:00-04:00,4100.0,4151.65,4081.9,4122.15,67513
2022-04-28 20:00:00-04:00,4160.0,4266.0,4115.45,4131.95,92096
2022-05-01 20:00:00-04:00,4122.15,4145.25,4070.0,4123.9,43971
2022-05-03 20:00:00-04:00,4124.0,4129.85,3967.0,3992.35,61923
2022-05-04 20:00:00-04:00,4050.0,4074.9,3951.0,3963.8,55305
2022-05-05 20:00:00-04:00,3929.8,3948.85,3880.0,3930.65,60403
2022-05-08 20:00:00-04:00,3903.8,3935.95,3894.0,3905.8,32511
2022-05-09 20:00:00-04:00,3922.0,3932.1,3890.0,3914.0,39100
2022-05-10 20:00:00-04:00,3895.5,3942.95,3851.0,3884.05,52307
2022-05-11 20:00:00-04:00,3861.5,3896.2,3789.85,3880.0,60924
2022-05-12 20:00:00-04:00,3899.4,3979.0,3895.1,3924.3,51928
2022-05-15 20:00:00-04:00,3923.0,3929.15,3861.4,3888.4,45674
2022-05-16 20:00:00-04:00,3934.9,3939.0,3871.0,3904.0,68937
2022-05-17 20:00:00-04:00,3914.0,3982.6,3882.0,3905.8,60910
2022-05-18 20:00:00-04:00,3886.0,4011.2,3830.3,3929.45,152332
2022-05-19 20:00:00-04:00,3975.0,4299.1,3975.0,4249.1,236691
2022-05-22 20:00:00-04:00,4249.1,4326.95,4245.0,4274.95,85933
2022-05-23 20:00:00-04:00,4273.9,4375.0,4264.6,4347.1,130424
2022-05-24 20:00:00-04:00,4391.1,4397.5,4296.3,4307.45,91781
2022-05-25 20:00:00-04:00,4316.0,4349.0,4289.65,4304.15,102810
2022-05-26 20:00:00-04:00,4320.0,4409.0,4269.8,4390.5,82135
2022-05-29 20:00:00-04:00,4404.0,4425.0,4351.1,4370.3,94978
2022-05-30 20:00:00-04:00,4355.0,4399.0,4330.6,4369.65,62493
2022-05-31 20:00:00-04:00,4350.0,4358.4,4301.1,4319.0,69853
2022-06-01 20:00:00-04:00,4303.1,4360.0,4291.55,4333.15,84849
2022-06-02 20:00:00-04:00,4359.7,4391.65,4315.0,4340.0,72096
2022-06-05 20:00:00-04:00,4332.0,4350.65,4271.05,4305.75,26598
2022-06-06 20:00:00-04:00,4260.0,4260.0,4103.8,4143.95,127549
2022-06-07 20:00:00-04:00,4174.0,4212.15,4113.0,4199.15,87657
2022-06-08 20:00:00-04:00,4170.1,4335.0,4170.1,4322.9,116138
2022-06-09 20:00:00-04:00,4322.9,4361.95,4289.95,4351.55,79505
2022-06-12 20:00:00-04:00,4323.0,4355.0,4257.0,4267.2,68275
2022-06-13 20:00:00-04:00,4250.0,4322.65,4239.05,4311.05,74293
2022-06-14 20:00:00-04:00,4306.7,4349.1,4288.25,4335.5,60742
2022-06-15 20:00:00-04:00,4350.0,4359.3,4275.65,4287.5,76370
2022-06-16 20:00:00-04:00,4290.0,4298.9,4066.05,4146.7,146011
2022-06-19 20:00:00-04:00,4146.7,4179.2,4107.1,4151.8,51321
2022-06-20 20:00:00-04:00,4160.1,4276.55,4160.1,4268.65,42047
2022-06-21 20:00:00-04:00,4281.0,4348.4,4160.0,4260.9,93937
2022-06-22 20:00:00-04:00,4295.0,4307.7,4256.0,4294.9,70264
2022-06-23 20:00:00-04:00,4322.0,4370.1,4292.2,4309.65,67138
2022-06-26 20:00:00-04:00,4399.85,4399.85,4306.0,4320.55,75767
2022-06-27 20:00:00-04:00,4329.25,4379.85,4312.0,4374.6,69505
2022-06-28 20:00:00-04:00,4357.1,4408.75,4334.4,4364.35,76793
2022-06-29 20:00:00-04:00,4369.75,4414.75,4351.0,4393.8,71738
2022-06-30 20:00:00-04:00,4385.0,4395.0,4290.05,4385.9,71794
2022-07-03 20:00:00-04:00,4362.1,4410.05,4296.0,4354.45,52330
2022-07-04 20:00:00-04:00,4364.9,4467.5,4351.2,4394.2,94641
2022-07-05 20:00:00-04:00,4395.0,4443.2,4379.4,4390.0,75034
2022-07-06 20:00:00-04:00,4426.75,4442.1,4329.05,4336.45,87553
2022-07-07 20:00:00-04:00,4330.0,4414.2,4305.0,4406.2,84794
2022-07-10 20:00:00-04:00,4379.15,4568.7,4354.0,4501.0,142177
2022-07-11 20:00:00-04:00,4470.1,4538.7,4431.7,4483.7,86402
2022-07-12 20:00:00-04:00,4494.5,4534.15,4450.0,4501.6,78232
2022-07-13 20:00:00-04:00,4506.0,4607.45,4505.55,4575.4,132362
2022-07-14 20:00:00-04:00,4595.4,4612.3,4521.0,4546.0,67014
2022-07-17 20:00:00-04:00,4576.0,4613.65,4455.3,4466.1,100288
2022-07-18 20:00:00-04:00,4457.8,4497.95,4435.15,4447.9,72983
2022-07-19 20:00:00-04:00,4490.0,4492.0,4440.0,4458.75,50786
2022-07-20 20:00:00-04:00,4469.0,4483.0,4356.05,4371.1,96113
2022-07-21 20:00:00-04:00,4394.0,4406.7,4353.45,4373.5,63135
2022-07-24 20:00:00-04:00,4377.65,4389.55,4300.0,4330.55,58106
2022-07-25 20:00:00-04:00,4328.8,4328.8,4194.25,4212.0,109461
2022-07-26 20:00:00-04:00,4207.95,4298.25,4163.0,4286.05,67746
2022-07-27 20:00:00-04:00,4314.0,4314.0,4197.35,4260.05,98961
2022-07-28 20:00:00-04:00,4182.95,4182.95,4055.85,4090.35,177813
2022-07-31 20:00:00-04:00,4139.8,4139.8,4100.6,4110.45,73732
2022-08-01 20:00:00-04:00,4128.0,4128.0,4071.25,4085.4,96598
2022-08-02 20:00:00-04:00,4094.95,4103.95,4040.0,4096.3,96468
2022-08-03 20:00:00-04:00,4110.0,4159.0,4089.2,4147.95,105797
2022-08-04 20:00:00-04:00,4155.0,4193.75,4143.85,4156.85,87820
2022-08-07 20:00:00-04:00,4156.85,4234.0,4156.85,4223.35,82764
2022-08-09 20:00:00-04:00,4243.6,4263.95,4216.35,4243.3,79171
2022-08-10 20:00:00-04:00,4260.0,4277.75,4242.05,4258.3,50134
2022-08-11 20:00:00-04:00,4258.0,4289.6,4221.0,4260.8,82775
2022-08-15 20:00:00-04:00,4275.0,4319.0,4262.8,4297.8,54825
2022-08-16 20:00:00-04:00,4317.95,4329.9,4292.05,4315.9,77388
2022-08-17 20:00:00-04:00,4240.0,4240.0,4135.35,4225.1,139451
2022-08-18 20:00:00-04:00,4232.0,4247.1,4185.0,4204.0,80304
2022-08-21 20:00:00-04:00,4169.1,4229.95,4160.0,4186.95,63323
2022-08-22 20:00:00-04:00,4145.0,4235.2,4145.0,4225.15,64369
2022-08-23 20:00:00-04:00,4246.3,4246.3,4197.0,4218.05,64319
2022-08-24 20:00:00-04:00,4239.15,4263.9,4212.0,4237.9,75813
2022-08-25 20:00:00-04:00,4273.0,4273.25,4212.15,4223.3,36578
2022-08-28 20:00:00-04:00,4170.0,4223.25,4159.7,4210.15,51116
2022-08-29 20:00:00-04:00,4214.0,4253.55,4194.05,4245.05,99451
2022-08-31 20:00:00-04:00,4216.0,4232.5,4197.1,4202.1,64715
2022-09-01 20:00:00-04:00,4223.15,4232.0,4175.0,4189.95,45115
2022-09-04 20:00:00-04:00,4195.0,4218.45,4155.5,4214.25,69899
2022-09-05 20:00:00-04:00,4230.0,4252.0,4185.0,4239.2,63112
2022-09-06 20:00:00-04:00,4215.0,4266.0,4214.0,4249.3,44514
2022-09-07 20:00:00-04:00,4296.95,4296.95,4252.7,4271.65,67903
2022-09-08 20:00:00-04:00,4272.5,4319.5,4248.0,4255.1,59117
2022-09-11 20:00:00-04:00,4260.0,4300.0,4244.8,4261.15,44048
2022-09-12 20:00:00-04:00,4264.05,4306.6,4237.0,4252.9,48521
2022-09-13 20:00:00-04:00,4165.35,4262.45,4165.35,4214.15,69327
2022-09-14 20:00:00-04:00,4235.25,4235.25,4141.4,4169.0,66503
2022-09-15 20:00:00-04:00,4185.0,4185.0,4060.9,4077.35,54899
2022-09-18 20:00:00-04:00,4070.0,4111.05,3997.0,4099.15,70339
2022-09-19 20:00:00-04:00,4112.0,4238.0,4109.15,4216.0,78002
2022-09-20 20:00:00-04:00,4219.95,4268.6,4133.35,4152.75,73319
2022-09-21 20:00:00-04:00,4110.1,4222.1,4110.1,4182.4,66936
2022-09-22 20:00:00-04:00,4163.0,4214.6,4129.5,4139.2,93582
2022-09-25 20:00:00-04:00,4119.2,4156.1,4089.5,4127.85,65286
2022-09-26 20:00:00-04:00,4148.5,4199.8,4125.65,4181.6,59679
2022-09-27 20:00:00-04:00,4178.15,4297.0,4178.15,4269.7,87959
2022-09-28 20:00:00-04:00,4291.25,4404.95,4286.0,4360.7,155077
2022-09-29 20:00:00-04:00,4382.55,4404.0,4272.05,4335.7,113766
2022-10-02 20:00:00-04:00,4315.0,4439.0,4312.4,4419.65,83482
2022-10-03 20:00:00-04:00,4446.0,4449.35,4376.05,4413.95,72036
2022-10-05 20:00:00-04:00,4436.05,4447.95,4369.9,4397.55,52626
2022-10-06 20:00:00-04:00,4390.0,4408.55,4372.0,4376.65,54596
2022-10-09 20:00:00-04:00,4350.0,4387.0,4320.0,4380.0,58209
2022-10-10 20:00:00-04:00,4387.0,4387.0,4252.0,4282.75,65668
2022-10-11 20:00:00-04:00,4300.0,4310.0,4215.5,4241.15,56570
2022-10-12 20:00:00-04:00,4249.95,4309.0,4241.3,4254.65,60668
2022-10-13 20:00:00-04:00,4305.0,4336.0,4263.05,4310.8,48729
2022-10-16 20:00:00-04:00,4305.0,4374.0,4282.55,4335.2,44275
2022-10-17 20:00:00-04:00,4356.9,4372.45,4335.2,4356.55,29693
2022-10-18 20:00:00-04:00,4360.05,4389.35,4310.0,4316.9,28832
2022-10-19 20:00:00-04:00,4305.0,4355.0,4280.9,4349.05,52573
2022-10-20 20:00:00-04:00,4355.0,4388.95,4308.75,4330.8,47436
2022-10-23 20:00:00-04:00,4364.8,4384.0,4355.0,4377.5,9161
2022-10-24 20:00:00-04:00,4389.95,4477.5,4377.5,4442.35,103687
2022-10-26 20:00:00-04:00,4460.0,4518.95,4457.0,4491.2,82892
2022-10-27 20:00:00-04:00,4485.0,4501.9,4430.0,4459.95,76845
2022-10-30 20:00:00-04:00,4531.0,4623.2,4344.9,4433.7,195820
2022-10-31 20:00:00-04:00,4435.25,4580.0,4435.25,4535.3,147943
2022-11-01 20:00:00-04:00,4545.05,4645.0,4545.05,4555.65,104981
2022-11-02 20:00:00-04:00,4555.65,4599.85,4535.45,4589.9,74232
2022-11-03 20:00:00-04:00,4590.05,4600.0,4512.9,4525.1,80666
2022-11-06 19:00:00-05:00,4531.0,4543.5,4444.5,4485.45,74475
2022-11-08 19:00:00-05:00,4540.0,4565.0,4500.1,4534.9,82292
2022-11-09 19:00:00-05:00,4539.95,4616.0,4528.75,4549.45,90340
2022-11-10 19:00:00-05:00,4572.2,4579.0,4502.75,4539.45,74193
2022-11-13 19:00:00-05:00,4400.0,4483.85,4318.25,4363.65,137304
2022-11-14 19:00:00-05:00,4367.2,4442.6,4366.7,4433.7,67872
2022-11-15 19:00:00-05:00,4433.65,4544.95,4406.5,4481.0,88457
2022-11-16 19:00:00-05:00,4480.95,4488.45,4408.7,4421.3,60481
2022-11-17 19:00:00-05:00,4423.75,4433.55,4375.9,4409.05,72661
2022-11-20 19:00:00-05:00,4380.0,4391.9,4317.55,4349.85,84905
2022-11-21 19:00:00-05:00,4371.6,4402.6,4326.55,4362.5,81713
2022-11-22 19:00:00-05:00,4380.0,4418.95,4360.0,4405.65,85887
2022-11-23 19:00:00-05:00,4427.7,4439.75,4376.25,4413.85,64843
2022-11-24 19:00:00-05:00,4423.85,4434.95,4389.0,4418.1,62124
2022-11-27 19:00:00-05:00,4414.75,4446.4,4386.75,4402.0,58975
2022-11-28 19:00:00-05:00,4405.1,4478.65,4404.1,4453.35,71339
2022-11-29 19:00:00-05:00,4470.0,4515.0,4441.0,4487.15,108275
2022-11-30 19:00:00-05:00,4509.6,4531.8,4446.95,4474.35,118203
2022-12-01 19:00:00-05:00,4484.95,4521.95,4460.4,4510.4,63311
2022-12-04 19:00:00-05:00,4529.9,4531.95,4450.15,4479.4,85209
2022-12-05 19:00:00-05:00,4460.1,4474.35,4363.35,4374.2,61688
2022-12-06 19:00:00-05:00,4365.0,4383.0,4320.0,4361.5,66017
2022-12-07 19:00:00-05:00,4373.95,4379.25,4331.05,4356.2,72423
2022-12-08 19:00:00-05:00,4375.0,4412.2,4355.0,4407.1,46376
2022-12-11 19:00:00-05:00,4367.05,4462.9,4367.05,4452.25,54980
2022-12-12 19:00:00-05:00,4450.2,4474.65,4440.5,4458.15,50267
2022-12-13 19:00:00-05:00,4475.0,4513.5,4451.35,4504.55,55716
2022-12-14 19:00:00-05:00,4486.15,4527.55,4461.0,4468.95,52024
2022-12-15 19:00:00-05:00,4434.5,4458.2,4263.2,4309.1,217321
2022-12-18 19:00:00-05:00,4344.95,4408.55,4316.75,4396.05,68462
2022-12-19 19:00:00-05:00,4380.0,4389.8,4308.1,4369.75,52006
2022-12-20 19:00:00-05:00,4379.95,4432.05,4353.4,4407.55,84309
2022-12-21 19:00:00-05:00,4430.0,4454.95,4315.1,4349.25,71789
2022-12-22 19:00:00-05:00,4325.05,4418.0,4291.25,4310.45,96257
2022-12-25 19:00:00-05:00,4332.05,4347.0,4230.15,4248.6,72300
2022-12-26 19:00:00-05:00,4269.8,4269.8,4201.0,4250.85,66711
2022-12-27 19:00:00-05:00,4250.85,4266.0,4215.95,4252.75,60675
2022-12-28 19:00:00-05:00,4275.0,4353.55,4223.15,4260.6,127198
2022-12-29 19:00:00-05:00,4280.0,4284.15,4225.0,4237.55,43792
2023-01-01 19:00:00-05:00,4258.75,4267.5,4209.0,4235.05,36009
2023-01-02 19:00:00-05:00,4238.8,4252.45,4216.1,4238.35,48033
2023-01-03 19:00:00-05:00,4235.0,4260.0,4221.3,4253.5,38244
2023-01-04 19:00:00-05:00,4265.0,4302.55,4241.5,4297.5,39193
2023-01-05 19:00:00-05:00,4299.5,4319.3,4259.1,4271.75,31041
2023-01-08 19:00:00-05:00,4293.15,4339.95,4283.7,4334.0,33974
2023-01-09 19:00:00-05:00,4320.0,4346.95,4283.95,4288.7,43184
2023-01-10 19:00:00-05:00,4304.95,4320.0,4244.4,4261.9,47493
2023-01-11 19:00:00-05:00,4274.95,4322.0,4244.45,4310.6,48828
2023-01-12 19:00:00-05:00,4324.0,4341.45,4290.0,4320.4,47459
2023-01-15 19:00:00-05:00,4339.7,4352.75,4290.05,4326.05,25716
2023-01-16 19:00:00-05:00,4338.95,4359.8,4305.85,4351.75,33322
2023-01-17 19:00:00-05:00,4351.75,4394.95,4342.0,4364.35,60809
2023-01-18 19:00:00-05:00,4364.85,4383.15,4316.55,4332.2,60963
2023-01-19 19:00:00-05:00,4331.95,4381.0,4322.85,4350.6,60537
2023-01-22 19:00:00-05:00,4359.95,4365.45,4319.35,4337.85,41825
2023-01-23 19:00:00-05:00,4341.0,4354.8,4237.0,4252.75,43796
2023-01-24 19:00:00-05:00,4260.0,4268.9,4175.1,4200.95,70139
2023-01-26 19:00:00-05:00,4280.0,4380.9,4267.2,4314.0,108252
2023-01-29 19:00:00-05:00,4319.95,4339.0,4285.1,4328.8,64230
2023-01-30 19:00:00-05:00,4345.0,4375.25,4293.6,4324.15,84613
2023-01-31 19:00:00-05:00,4341.0,4380.0,4310.25,4351.5,59315
2023-02-01 19:00:00-05:00,4313.0,4379.05,4296.15,4370.1,56922
2023-02-02 19:00:00-05:00,4375.0,4429.9,4318.2,4358.35,61735
2023-02-05 19:00:00-05:00,4380.15,4380.15,4285.0,4349.55,81659
2023-02-06 19:00:00-05:00,4380.65,4468.2,4360.75,4440.25,91450
2023-02-07 19:00:00-05:00,4450.0,4496.6,4440.05,4487.8,52790
2023-02-08 19:00:00-05:00,4444.0,4529.45,4438.55,4487.5,88103
2023-02-09 19:00:00-05:00,4493.95,4505.0,4433.6,4499.6,39840
2023-02-12 19:00:00-05:00,4508.1,4557.4,4503.6,4524.7,68345
2023-02-13 19:00:00-05:00,4545.0,4564.0,4500.65,4538.4,50528
2023-02-14 19:00:00-05:00,4548.0,4563.15,4504.2,4519.85,45881
2023-02-15 19:00:00-05:00,4542.45,4547.95,4509.45,4519.3,64178
2023-02-16 19:00:00-05:00,4501.2,4535.0,4464.25,4510.35,48831
2023-02-19 19:00:00-05:00,4520.0,4538.55,4468.45,4474.8,35174
2023-02-20 19:00:00-05:00,4504.3,4504.3,4459.5,4486.15,40824
2023-02-21 19:00:00-05:00,4486.9,4520.2,4470.0,4476.7,39756
2023-02-22 19:00:00-05:00,4476.1,4515.0,4441.0,4449.6,46991
2023-02-23 19:00:00-05:00,4464.9,4510.0,4442.0,4491.1,67267
2023-02-26 19:00:00-05:00,4491.1,4491.1,4355.0,4421.0,63388
2023-02-27 19:00:00-05:00,4439.0,4439.0,4300.0,4316.6,79227
2023-02-28 19:00:00-05:00,4316.45,4357.15,4297.0,4344.2,50558
2023-03-01 19:00:00-05:00,4358.0,4400.65,4320.0,4390.6,76527
2023-03-02 19:00:00-05:00,4412.6,4446.95,4360.5,4437.95,68579
2023-03-05 19:00:00-05:00,4437.0,4458.8,4416.1,4439.2,44013
2023-03-07 19:00:00-05:00,4433.0,4443.65,4401.95,4426.25,38968
2023-03-08 19:00:00-05:00,4415.65,4438.35,4372.15,4380.95,40158
2023-03-09 19:00:00-05:00,4372.95,4413.05,4350.0,4395.55,80343
2023-03-12 20:00:00-04:00,4375.0,4415.55,4345.9,4370.4,45618
2023-03-13 20:00:00-04:00,4394.0,4420.9,4309.0,4349.55,84560
2023-03-14 20:00:00-04:00,4356.95,4425.0,4341.15,4394.5,65103
2023-03-15 20:00:00-04:00,4411.0,4430.0,4370.35,4383.75,50557
2023-03-16 20:00:00-04:00,4405.7,4458.8,4394.4,4436.15,105730
2023-03-19 20:00:00-04:00,4431.0,4492.35,4423.3,4439.45,99033
2023-03-20 20:00:00-04:00,4441.95,4480.0,4409.2,4419.35,67741
2023-03-21 20:00:00-04:00,4429.35,4480.0,4415.85,4474.95,48163
2023-03-22 20:00:00-04:00,4479.0,4499.5,4432.65,4446.95,69043
2023-03-23 20:00:00-04:00,4449.95,4498.0,4449.95,4464.15,47237
2023-03-26 20:00:00-04:00,4490.0,4528.65,4465.05,4485.65,79251
2023-03-27 20:00:00-04:00,4498.95,4547.1,4480.0,4526.8,85076
2023-03-28 20:00:00-04:00,4549.45,4575.0,4522.15,4567.8,81473
2023-03-30 20:00:00-04:00,4583.0,4656.5,4567.85,4622.75,79157
2023-04-02 20:00:00-04:00,4648.95,4682.0,4599.1,4656.5,57116
2023-04-04 20:00:00-04:00,4650.0,4695.0,4641.75,4682.8,86072
2023-04-05 20:00:00-04:00,4693.95,4711.0,4675.95,4699.4,68707
2023-04-09 20:00:00-04:00,4732.0,4772.2,4688.0,4759.65,52513
2023-04-10 20:00:00-04:00,4773.0,4805.9,4708.0,4763.35,68904
2023-04-11 20:00:00-04:00,4763.35,4917.35,4733.65,4881.0,126507
2023-04-12 20:00:00-04:00,4888.0,4888.0,4831.2,4852.9,57320
2023-04-16 20:00:00-04:00,4876.95,4922.95,4819.75,4852.3,53549
2023-04-17 20:00:00-04:00,4861.4,4917.75,4845.5,4912.4,69400
2023-04-18 20:00:00-04:00,4887.4,4940.0,4880.95,4909.35,71478
2023-04-19 20:00:00-04:00,4916.0,4916.0,4822.5,4858.2,108318
2023-04-20 20:00:00-04:00,4858.1,4878.75,4823.15,4868.75,78451
2023-04-23 20:00:00-04:00,4854.0,4854.0,4752.35,4806.1,90414
2023-04-24 20:00:00-04:00,4803.55,4839.3,4757.8,4833.3,63433
2023-04-25 20:00:00-04:00,4810.0,4874.05,4810.0,4845.1,50652
2023-04-26 20:00:00-04:00,4845.0,4939.0,4818.2,4918.55,51495
2023-04-27 20:00:00-04:00,4918.55,4934.9,4877.5,4929.85,47191
2023-05-01 20:00:00-04:00,4903.4,4958.75,4903.4,4950.4,51157
2023-05-02 20:00:00-04:00,4949.9,4960.0,4915.4,4952.25,48554
2023-05-03 20:00:00-04:00,4952.25,4975.0,4920.35,4968.0,40284
2023-05-04 20:00:00-04:00,4974.95,4989.0,4925.55,4942.5,19853
2023-05-07 20:00:00-04:00,4945.0,4966.7,4846.65,4907.1,64584
2023-05-08 20:00:00-04:00,4918.05,4939.85,4890.05,4933.25,57378
2023-05-09 20:00:00-04:00,4964.85,4964.85,4840.0,4867.3,92747
2023-05-10 20:00:00-04:00,4675.0,4700.0,4525.0,4532.0,183041
2023-05-11 20:00:00-04:00,4544.95,4544.95,4445.0,4466.1,110357
2023-05-14 20:00:00-04:00,4470.15,4532.0,4449.45,4518.55,66206
2023-05-15 20:00:00-04:00,4523.0,4547.8,4504.55,4515.05,55098
2023-05-16 20:00:00-04:00,4519.8,4545.05,4451.1,4481.5,91933
2023-05-17 20:00:00-04:00,4492.0,4502.15,4404.9,4423.1,68185
2023-05-18 20:00:00-04:00,4427.95,4439.0,4384.2,4391.95,65961
2023-05-21 20:00:00-04:00,4409.0,4468.8,4384.85,4457.65,54225
2023-05-22 20:00:00-04:00,4458.1,4491.2,4446.85,4460.55,69472
2023-05-23 20:00:00-04:00,4465.0,4524.0,4459.95,4519.25,68349
2023-05-24 20:00:00-04:00,4533.9,4533.9,4482.5,4503.95,40424
2023-05-25 20:00:00-04:00,4505.05,4539.0,4499.95,4530.95,38263
2023-05-28 20:00:00-04:00,4547.9,4569.0,4520.05,4556.25,39993
2023-05-29 20:00:00-04:00,4556.25,4556.25,4498.85,4518.9,69893
2023-05-30 20:00:00-04:00,4510.0,4529.65,4483.75,4501.05,120962
2023-05-31 20:00:00-04:00,4509.85,4559.9,4501.05,4552.05,71908
2023-06-01 20:00:00-04:00,4568.95,4620.0,4566.25,4610.45,92659
2023-06-04 20:00:00-04:00,4631.0,4651.95,4596.7,4603.55,51100
2023-06-05 20:00:00-04:00,4610.0,4640.0,4605.0,4636.65,47470
2023-06-06 20:00:00-04:00,4650.0,4678.0,4646.4,4673.75,51003
2023-06-07 20:00:00-04:00,4675.0,4692.9,4637.0,4649.4,50045
2023-06-08 20:00:00-04:00,4681.05,4705.0,4645.6,4666.8,45074
2023-06-11 20:00:00-04:00,4695.0,4695.0,4654.45,4675.65,34678
2023-06-12 20:00:00-04:00,4700.0,4728.8,4658.3,4702.0,61743
2023-06-13 20:00:00-04:00,4707.8,4729.5,4686.0,4699.0,42396
2023-06-14 20:00:00-04:00,4696.6,4855.0,4696.3,4803.45,101663
2023-06-15 20:00:00-04:00,4844.85,4940.0,4828.8,4915.05,96659
2023-06-18 20:00:00-04:00,4951.0,5020.25,4862.6,4879.0,104875
2023-06-19 20:00:00-04:00,4879.0,4926.75,4870.8,4901.2,44506
2023-06-20 20:00:00-04:00,4921.95,4950.0,4894.45,4910.4,50528
2023-06-21 20:00:00-04:00,4911.55,4926.95,4890.05,4899.45,48095
2023-06-22 20:00:00-04:00,4901.0,5015.0,4901.0,4993.9,114009
2023-06-25 20:00:00-04:00,4989.9,5074.0,4952.0,5041.6,132362
2023-06-26 20:00:00-04:00,5041.6,5085.55,5016.0,5025.6,131816
2023-06-27 20:00:00-04:00,5025.55,5119.0,5010.0,5107.85,157149
2023-06-29 20:00:00-04:00,5116.0,5174.95,5110.1,5159.6,91363
2023-07-02 20:00:00-04:00,5159.6,5178.7,5090.55,5098.3,44099
2023-07-03 20:00:00-04:00,5114.9,5204.75,5085.05,5188.4,59341
2023-07-04 20:00:00-04:00,5185.0,5201.8,5137.0,5178.35,48556
2023-07-05 20:00:00-04:00,5178.45,5256.0,5170.55,5231.8,92396
2023-07-06 20:00:00-04:00,5230.0,5273.0,5143.0,5182.5,77871
2023-07-09 20:00:00-04:00,5194.95,5215.0,5145.0,5154.95,36225
2023-07-10 20:00:00-04:00,5144.0,5214.9,5120.0,5165.85,40816
2023-07-11 20:00:00-04:00,5150.0,5198.95,5134.0,5189.0,43261
2023-07-12 20:00:00-04:00,5190.0,5199.55,5134.9,5142.45,67860
2023-07-13 20:00:00-04:00,5155.0,5164.85,5076.25,5092.05,57850
2023-07-16 20:00:00-04:00,5099.65,5245.0,5096.5,5229.75,70779
2023-07-17 20:00:00-04:00,5203.5,5212.45,5146.55,5191.0,42107
2023-07-18 20:00:00-04:00,5184.0,5269.35,5161.7,5221.35,67911
2023-07-19 20:00:00-04:00,5249.0,5394.4,5248.0,5339.3,162307
2023-07-20 20:00:00-04:00,5323.3,5339.55,5279.55,5288.2,41904
2023-07-23 20:00:00-04:00,5278.25,5436.65,5278.25,5391.7,78584
2023-07-24 20:00:00-04:00,5420.0,5479.95,5394.05,5425.4,82262
2023-07-25 20:00:00-04:00,5440.0,5489.95,5401.05,5475.65,71934
2023-07-26 20:00:00-04:00,5530.0,5614.0,5420.1,5507.0,182801
2023-07-27 20:00:00-04:00,5512.0,5617.0,5512.0,5583.0,98122
2023-07-30 20:00:00-04:00,5584.55,5660.4,5570.0,5640.45,57010
2023-07-31 20:00:00-04:00,5639.85,5709.15,5607.2,5667.05,81467
2023-08-01 20:00:00-04:00,5667.1,5689.8,5634.45,5660.45,58768
2023-08-02 20:00:00-04:00,5645.0,5734.0,5622.0,5659.5,90814
2023-08-03 20:00:00-04:00,5659.6,5709.45,5640.0,5649.55,66019
2023-08-06 20:00:00-04:00,5660.0,5688.0,5621.65,5630.7,95299
2023-08-07 20:00:00-04:00,5652.0,5738.15,5645.0,5657.95,91401
2023-08-08 20:00:00-04:00,5671.1,5882.35,5671.1,5871.0,224529
2023-08-09 20:00:00-04:00,5880.1,5915.0,5806.05,5851.15,91675
2023-08-10 20:00:00-04:00,5854.0,5881.75,5808.15,5823.0,72514
2023-08-13 20:00:00-04:00,5829.95,5879.0,5801.0,5823.35,85780
2023-08-15 20:00:00-04:00,5830.0,5889.45,5776.0,5857.85,144932
2023-08-16 20:00:00-04:00,5871.35,5906.5,5855.9,5880.65,72813
2023-08-17 20:00:00-04:00,5899.5,5980.0,5842.95,5874.45,138956
2023-08-20 20:00:00-04:00,5870.25,5925.0,5853.95,5910.85,46970
2023-08-21 20:00:00-04:00,5919.0,5945.0,5907.95,5925.55,67293
2023-08-22 20:00:00-04:00,5920.0,5974.95,5912.0,5953.35,136191
2023-08-23 20:00:00-04:00,5980.0,5988.8,5891.2,5907.15,140810
2023-08-24 20:00:00-04:00,5890.0,5890.0,5770.55,5779.25,177474
2023-08-27 20:00:00-04:00,5780.0,5828.05,5727.2,5775.9,79187
2023-08-28 20:00:00-04:00,5770.0,5786.5,5715.05,5723.8,104756
2023-08-29 20:00:00-04:00,5737.8,5755.0,5640.0,5649.75,99212
2023-08-30 20:00:00-04:00,5649.75,5695.0,5590.95,5607.85,107649
2023-08-31 20:00:00-04:00,5630.0,5632.75,5550.1,5578.55,45136
2023-09-03 20:00:00-04:00,5585.0,5666.7,5585.0,5659.45,54436
2023-09-04 20:00:00-04:00,5640.0,5640.0,5566.05,5578.9,72554
2023-09-05 20:00:00-04:00,5579.8,5634.95,5559.25,5583.3,75336
2023-09-06 20:00:00-04:00,5582.95,5654.45,5582.95,5615.15,75390
2023-09-07 20:00:00-04:00,5631.0,5633.65,5570.0,5583.8,31525
2023-09-10 20:00:00-04:00,5595.0,5664.0,5595.0,5613.8,40085
2023-09-11 20:00:00-04:00,5639.95,5717.0,5639.8,5673.8,83049
2023-09-12 20:00:00-04:00,5710.0,5756.2,5671.4,5738.9,49578
2023-09-13 20:00:00-04:00,5770.0,5770.0,5704.55,5744.65,35834
2023-09-14 20:00:00-04:00,5776.6,5840.0,5733.1,5819.5,48548
2023-09-17 20:00:00-04:00,5821.0,5826.6,5722.0,5728.0,43572
2023-09-19 20:00:00-04:00,5721.85,5721.85,5602.05,5615.05,75078
2023-09-20 20:00:00-04:00,5615.5,5696.85,5612.95,5668.5,103688
2023-09-21 20:00:00-04:00,5668.5,5693.9,5503.6,5517.05,89386
2023-09-24 20:00:00-04:00,5529.85,5538.25,5429.1,5438.75,43516
2023-09-25 20:00:00-04:00,5459.0,5526.85,5450.25,5467.75,42166
2023-09-26 20:00:00-04:00,5514.0,5605.0,5482.0,5496.45,56649
2023-09-27 20:00:00-04:00,5507.45,5507.45,5411.0,5429.1,51361
2023-09-28 20:00:00-04:00,5469.0,5630.0,5457.95,5587.0,87326
2023-10-02 20:00:00-04:00,5586.9,5586.9,5455.0,5461.7,67121
2023-10-03 20:00:00-04:00,5465.0,5499.0,5402.0,5417.8,66167
2023-10-04 20:00:00-04:00,5460.0,5474.95,5400.0,5407.25,65988
2023-10-05 20:00:00-04:00,5435.0,5487.2,5410.0,5424.9,58321
2023-10-08 20:00:00-04:00,5410.05,5527.35,5400.55,5494.85,82959
2023-10-09 20:00:00-04:00,5484.0,5486.9,5428.5,5478.55,50529
2023-10-10 20:00:00-04:00,5510.0,5588.0,5510.0,5567.6,65505
2023-10-11 20:00:00-04:00,5567.6,5581.8,5515.0,5530.2,59811
2023-10-12 20:00:00-04:00,5427.2,5524.1,5427.2,5460.2,55843
2023-10-15 20:00:00-04:00,5489.0,5507.0,5460.0,5493.1,33489
2023-10-16 20:00:00-04:00,5487.0,5573.0,5485.05,5544.1,53111
2023-10-17 20:00:00-04:00,5544.5,5694.5,5541.8,5677.45,80850
2023-10-18 20:00:00-04:00,5674.75,5674.75,5610.5,5630.9,62633
2023-10-19 20:00:00-04:00,5620.05,5620.05,5551.5,5569.3,39336
2023-10-22 20:00:00-04:00,5525.5,5666.4,5525.5,5551.95,60628
2023-10-24 20:00:00-04:00,5600.0,5608.45,5500.0,5513.85,66149
2023-10-25 20:00:00-04:00,5498.0,5511.3,5342.0,5421.95,54098
2023-10-26 20:00:00-04:00,5421.9,5453.95,5355.0,5397.3,53836
2023-10-29 20:00:00-04:00,5393.95,5393.95,5212.9,5345.35,89174
2023-10-30 20:00:00-04:00,5374.0,5439.1,5353.1,5367.55,52461
2023-10-31 20:00:00-04:00,5385.0,5420.35,5314.65,5346.45,62759
2023-11-01 20:00:00-04:00,5380.0,5415.0,5323.4,5338.5,92754
2023-11-02 20:00:00-04:00,5377.0,5377.0,5247.1,5263.05,83168
2023-11-05 19:00:00-05:00,5300.0,5350.9,5283.2,5338.1,92011
2023-11-06 19:00:00-05:00,5374.0,5473.05,5319.8,5404.35,95412
2023-11-07 19:00:00-05:00,5428.9,5500.0,5411.5,5453.55,70156
2023-11-08 19:00:00-05:00,5478.9,5498.4,5440.0,5457.95,58077
2023-11-09 19:00:00-05:00,5439.95,5450.25,5372.0,5424.9,40239
2023-11-12 19:00:00-05:00,5430.0,5481.8,5382.1,5419.85,35497
2023-11-14 19:00:00-05:00,5430.95,5455.15,5405.0,5419.95,48209
2023-11-15 19:00:00-05:00,5425.0,5575.0,5425.0,5544.25,52637
2023-11-16 19:00:00-05:00,5565.0,5638.35,5546.3,5611.55,60310
2023-11-19 19:00:00-05:00,5614.95,5656.1,5586.05,5604.15,81935
2023-11-20 19:00:00-05:00,5610.0,5677.5,5606.05,5646.45,67639
2023-11-21 19:00:00-05:00,5655.1,5730.0,5655.1,5664.55,70529
2023-11-22 19:00:00-05:00,5675.0,5684.0,5609.05,5644.65,55335
2023-11-23 19:00:00-05:00,5649.95,5756.85,5623.05,5646.15,68655
2023-11-27 19:00:00-05:00,5647.0,5714.45,5647.0,5675.8,45483
2023-11-28 19:00:00-05:00,5697.9,5744.0,5654.0,5715.35,57038
2023-11-29 19:00:00-05:00,5725.0,5800.0,5725.0,5788.15,77404
2023-11-30 19:00:00-05:00,5800.0,5856.45,5739.45,5749.4,46933
2023-12-03 19:00:00-05:00,5800.0,5800.0,5728.4,5756.0,32748
2023-12-04 19:00:00-05:00,5765.0,5818.0,5742.2,5776.45,31690
2023-12-05 19:00:00-05:00,5796.0,5819.95,5708.05,5730.35,83481
2023-12-06 19:00:00-05:00,5770.35,5849.9,5753.5,5785.1,105704
2023-12-07 19:00:00-05:00,5784.85,5784.85,5712.0,5763.9,43115
2023-12-10 19:00:00-05:00,5500.0,5500.0,5371.0,5473.5,145698
2023-12-11 19:00:00-05:00,5500.0,5633.75,5477.4,5540.35,91868
2023-12-12 19:00:00-05:00,5564.45,5610.0,5532.85,5598.65,91440
2023-12-13 19:00:00-05:00,5611.85,5626.0,5567.9,5573.35,109910
2023-12-14 19:00:00-05:00,5600.0,5615.0,5542.8,5589.45,118283
2023-12-17 19:00:00-05:00,5585.0,5688.95,5575.55,5591.05,107407
2023-12-18 19:00:00-05:00,5620.0,5645.15,5593.0,5637.45,23772
2023-12-19 19:00:00-05:00,5650.0,5668.35,5552.05,5579.15,27887
2023-12-20 19:00:00-05:00,5540.0,5594.0,5473.85,5554.5,48429
2023-12-21 19:00:00-05:00,5578.0,5656.0,5560.45,5627.7,42894
2023-12-25 19:00:00-05:00,5627.5,5695.0,5605.55,5632.15,51272
2023-12-26 19:00:00-05:00,5634.8,5721.95,5605.55,5714.5,43368
2023-12-27 19:00:00-05:00,5718.85,5890.65,5671.7,5858.55,122373
2023-12-28 19:00:00-05:00,5830.1,5844.5,5763.0,5797.9,45841
2023-12-31 19:00:00-05:00,5800.0,5855.05,5800.0,5821.65,36267
2024-01-01 19:00:00-05:00,5807.05,5949.0,5807.05,5926.8,89637
2024-01-02 19:00:00-05:00,5926.8,5970.0,5888.2,5931.9,48513
2024-01-03 19:00:00-05:00,5922.15,5922.15,5825.15,5842.2,55428
2024-01-04 19:00:00-05:00,5870.0,5870.0,5806.5,5835.65,32621
2024-01-07 19:00:00-05:00,5880.9,5880.9,5732.6,5761.35,49343
2024-01-08 19:00:00-05:00,5819.0,5819.0,5744.2,5749.8,34930
2024-01-09 19:00:00-05:00,5749.05,5799.0,5690.35,5787.2,41634
2024-01-10 19:00:00-05:00,5778.0,5778.0,5645.55,5692.45,74143
2024-01-11 19:00:00-05:00,5734.85,5734.85,5646.55,5688.85,50932
2024-01-14 19:00:00-05:00,5737.95,5799.0,5702.05,5783.25,59443
2024-01-15 19:00:00-05:00,5790.0,5790.0,5710.0,5758.15,33629
2024-01-16 19:00:00-05:00,5740.0,5740.0,5631.7,5649.95,34172
2024-01-17 19:00:00-05:00,5647.45,5668.3,5520.7,5649.95,44952
2024-01-18 19:00:00-05:00,5675.1,5713.85,5613.0,5635.4,45824
2024-01-22 19:00:00-05:00,5651.9,5752.0,5641.15,5674.4,56835
2024-01-23 19:00:00-05:00,5707.95,5915.0,5693.0,5902.1,107886
2024-01-24 19:00:00-05:00,5902.1,5925.0,5822.0,5855.5,69128
2024-01-28 19:00:00-05:00,5800.0,5892.6,5741.0,5843.7,55148
2024-01-29 19:00:00-05:00,5898.95,5949.0,5831.0,5840.95,45837
2024-01-30 19:00:00-05:00,5825.05,6136.7,5819.95,6121.15,115698
2024-01-31 19:00:00-05:00,6089.45,6148.5,5950.1,5993.15,76599
2024-02-01 19:00:00-05:00,6015.95,6074.2,6005.0,6039.5,41478
2024-02-04 19:00:00-05:00,6039.0,6138.0,5997.0,6094.45,60061
2024-02-05 19:00:00-05:00,6085.0,6190.0,6085.0,6166.6,65123
2024-02-06 19:00:00-05:00,6166.0,6190.0,6130.6,6179.75,78673
2024-02-07 19:00:00-05:00,6218.0,6218.0,6125.0,6160.05,57144
2024-02-08 19:00:00-05:00,6140.0,6205.2,6104.2,6155.85,46303
2024-02-11 19:00:00-05:00,6234.3,6388.0,6234.3,6333.5,111606
2024-02-12 19:00:00-05:00,6350.0,6409.8,6311.05,6335.35,65379
2024-02-13 19:00:00-05:00,6330.05,6330.05,6170.1,6258.35,66697
2024-02-14 19:00:00-05:00,6240.1,6299.0,6208.35,6252.65,40570
2024-02-15 19:00:00-05:00,6271.95,6364.6,6247.35,6317.15,40127
2024-02-18 19:00:00-05:00,6317.15,6453.85,6317.15,6417.15,46575
2024-02-19 19:00:00-05:00,6422.0,6465.0,6341.15,6376.0,52606
2024-02-20 19:00:00-05:00,6387.0,6387.0,6310.05,6349.15,32311
2024-02-21 19:00:00-05:00,6375.0,6379.3,6231.55,6363.95,42260
2024-02-22 19:00:00-05:00,6367.7,6494.05,6367.7,6442.15,52783
2024-02-25 19:00:00-05:00,6445.05,6490.0,6380.65,6440.75,33232
2024-02-26 19:00:00-05:00,6416.0,6459.6,6385.25,6449.6,25941
2024-02-27 19:00:00-05:00,6443.45,6505.9,6392.6,6428.05,48510
2024-02-28 19:00:00-05:00,6382.05,6471.8,6357.8,6424.25,82713
2024-02-29 19:00:00-05:00,6449.0,6473.0,6172.1,6193.55,53019
2024-03-03 19:00:00-05:00,6240.0,6439.0,6240.0,6335.1,72727
2024-03-04 19:00:00-05:00,6334.9,6342.15,6247.0,6303.3,36672
2024-03-05 19:00:00-05:00,6303.3,6332.0,6190.0,6314.65,37058
2024-03-06 19:00:00-05:00,6305.5,6369.7,6305.5,6324.15,34997
2024-03-10 20:00:00-04:00,6369.0,6423.6,6317.1,6387.45,38006
2024-03-11 20:00:00-04:00,6388.15,6422.1,6267.9,6302.15,28636
2024-03-12 20:00:00-04:00,6302.4,6350.0,6248.8,6303.8,27893
2024-03-13 20:00:00-04:00,6282.0,6319.15,6210.8,6294.6,39533
2024-03-14 20:00:00-04:00,6285.1,6307.95,6214.5,6284.9,40648
2024-03-17 20:00:00-04:00,6292.1,6354.9,6269.15,6341.05,33701
2024-03-18 20:00:00-04:00,6335.0,6335.0,6123.45,6134.9,42746
2024-03-19 20:00:00-04:00,6124.95,6137.5,6023.8,6103.3,52085
2024-03-20 20:00:00-04:00,6125.0,6155.25,6060.05,6128.2,56653
2024-03-21 20:00:00-04:00,6129.0,6239.4,6105.05,6203.2,52741
2024-03-25 20:00:00-04:00,6190.0,6210.0,6107.0,6134.85,46676
2024-03-26 20:00:00-04:00,6151.0,6151.0,6034.1,6044.1,46372
2024-03-27 20:00:00-04:00,6078.0,6208.9,6078.0,6157.9,65913
2024-03-31 20:00:00-04:00,6215.0,6282.4,6160.2,6250.35,31649
2024-04-01 20:00:00-04:00,6268.95,6268.95,6206.05,6237.55,31241
2024-04-02 20:00:00-04:00,6237.55,6253.9,6112.35,6124.4,47374
2024-04-03 20:00:00-04:00,6155.0,6175.0,6047.5,6142.5,48433
2024-04-04 20:00:00-04:00,6142.5,6305.25,6142.5,6179.3,62372
2024-04-07 20:00:00-04:00,6217.45,6226.75,6135.05,6174.55,41393
2024-04-08 20:00:00-04:00,6202.2,6225.1,6155.0,6167.9,19868
2024-04-09 20:00:00-04:00,6199.9,6199.9,6145.0,6157.9,33218
2024-04-11 20:00:00-04:00,6168.9,6188.85,6075.7,6083.85,50741
2024-04-14 20:00:00-04:00,6073.2,6073.2,5983.2,6010.85,42083
2024-04-15 20:00:00-04:00,6005.85,6073.85,5985.05,6050.35,55116
2024-04-17 20:00:00-04:00,6099.95,6124.85,5940.0,5957.15,76590
2024-04-18 20:00:00-04:00,6000.0,6000.0,5881.1,5942.85,53354
2024-04-21 20:00:00-04:00,5975.0,6064.0,5974.95,6016.1,51348
2024-04-22 20:00:00-04:00,6050.0,6060.1,5934.35,5952.1,42876
2024-04-23 20:00:00-04:00,5960.05,5994.85,5922.9,5950.8,51086
2024-04-24 20:00:00-04:00,5975.05,6260.35,5930.0,6218.75,94459
2024-04-25 20:00:00-04:00,6224.9,6307.6,6180.55,6252.1,51585
2024-04-28 20:00:00-04:00,6270.0,6325.0,6202.45,6297.1,42863
2024-04-29 20:00:00-04:00,6299.9,6310.75,6186.15,6204.3,52304
2024-05-01 20:00:00-04:00,6195.25,6299.6,6195.25,6287.5,76506
2024-05-02 20:00:00-04:00,6299.9,6419.9,6260.3,6349.55,79598
2024-05-05 20:00:00-04:00,6379.7,6379.7,6247.15,6293.45,68922
2024-05-06 20:00:00-04:00,6329.9,6350.0,6200.35,6257.6,43489
2024-05-07 20:00:00-04:00,6100.0,6108.7,5953.35,6056.35,113960
2024-05-08 20:00:00-04:00,6074.5,6074.5,5870.1,5877.35,73407
2024-05-09 20:00:00-04:00,5875.0,5935.0,5823.55,5921.0,46844
2024-05-12 20:00:00-04:00,5921.0,5922.8,5850.5,5908.55,29687
2024-05-13 20:00:00-04:00,5938.9,5938.9,5855.0,5868.8,38235
2024-05-14 20:00:00-04:00,5885.0,5966.95,5860.05,5875.0,49568
2024-05-15 20:00:00-04:00,5928.0,5928.0,5709.0,5850.4,85076
2024-05-16 20:00:00-04:00,5850.4,5855.9,5791.0,5811.6,52272
2024-05-20 20:00:00-04:00,5810.95,5833.3,5773.0,5779.8,49804
2024-05-21 20:00:00-04:00,5850.0,5904.9,5790.4,5872.75,56102
2024-05-22 20:00:00-04:00,5902.45,5933.0,5835.0,5897.7,64998
2024-05-23 20:00:00-04:00,5896.4,5907.6,5840.0,5865.75,71982
2024-05-26 20:00:00-04:00,5865.75,5889.95,5796.1,5872.7,96361
2024-05-27 20:00:00-04:00,5872.15,6005.1,5872.15,5965.3,114233
2024-05-28 20:00:00-04:00,5985.0,6017.95,5915.0,6000.75,88474
2024-05-29 20:00:00-04:00,5975.0,5975.0,5833.0,5873.75,96070
2024-05-30 20:00:00-04:00,5899.95,5899.95,5755.65,5791.85,81275
2024-06-02 20:00:00-04:00,5937.9,5937.9,5779.05,5783.3,61491
2024-06-03 20:00:00-04:00,5807.0,5826.7,5600.0,5730.8,56258
2024-06-04 20:00:00-04:00,5737.9,5881.45,5726.1,5824.15,41621
2024-06-05 20:00:00-04:00,5835.0,5925.05,5782.3,5890.95,64236
2024-06-06 20:00:00-04:00,5890.95,6084.0,5882.65,6061.3,116719
2024-06-09 20:00:00-04:00,6061.3,6157.65,6009.75,6106.15,65337
2024-06-10 20:00:00-04:00,6085.0,6090.35,6028.0,6039.25,52073
2024-06-11 20:00:00-04:00,6060.0,6083.8,5991.0,6060.05,40615
2024-06-12 20:00:00-04:00,6119.9,6119.9,6032.0,6095.85,68804
2024-06-13 20:00:00-04:00,6096.0,6109.85,6035.1,6085.25,38762
2024-06-17 20:00:00-04:00,6048.0,6048.0,5980.05,5991.25,67193
2024-06-18 20:00:00-04:00,5991.95,5991.95,5920.9,5956.2,55508
2024-06-19 20:00:00-04:00,5925.0,5995.95,5888.0,5970.8,40454
2024-06-20 20:00:00-04:00,5971.0,6055.0,5960.6,6011.45,24432
2024-06-23 20:00:00-04:00,5998.0,6100.0,5973.0,6054.95,39797
2024-06-24 20:00:00-04:00,6090.0,6095.1,6016.8,6078.4,37995
2024-06-25 20:00:00-04:00,6063.5,6094.5,6027.0,6070.05,41939
2024-06-26 20:00:00-04:00,6000.0,6249.25,6000.0,6235.9,176019
2024-06-27 20:00:00-04:00,6255.45,6420.0,6255.45,6402.35,67353
2024-06-30 20:00:00-04:00,6430.0,6479.9,6337.25,6353.7,46391
2024-07-01 20:00:00-04:00,6345.0,6380.45,6284.25,6370.25,26586
2024-07-02 20:00:00-04:00,6374.0,6525.0,6365.4,6425.9,54378
2024-07-03 20:00:00-04:00,6430.0,6540.05,6370.15,6479.35,45315
2024-07-04 20:00:00-04:00,6479.35,6545.6,6456.1,6520.0,27602
2024-07-07 20:00:00-04:00,6520.0,6574.65,6486.0,6534.15,19038
2024-07-08 20:00:00-04:00,6540.0,6594.0,6431.15,6582.85,26787
2024-07-09 20:00:00-04:00,6574.5,6602.95,6483.45,6592.55,28476
2024-07-10 20:00:00-04:00,6593.15,6621.1,6534.85,6594.75,33702
2024-07-11 20:00:00-04:00,6590.25,6744.9,6565.0,6719.45,73747
2024-07-14 20:00:00-04:00,6750.0,6884.95,6702.55,6794.75,90479
2024-07-15 20:00:00-04:00,6759.95,6774.0,6636.65,6646.05,35344
2024-07-17 20:00:00-04:00,6646.0,6708.85,6592.8,6667.5,46902
2024-07-18 20:00:00-04:00,6660.0,6718.35,6626.3,6636.0,23188
2024-07-21 20:00:00-04:00,6580.0,6780.0,6580.0,6770.9,42149
2024-07-22 20:00:00-04:00,6770.0,6883.55,6718.05,6865.0,52950
2024-07-23 20:00:00-04:00,6938.9,6938.9,6797.15,6820.15,83693
2024-07-24 20:00:00-04:00,6795.0,6874.9,6757.05,6853.2,42220
2024-07-25 20:00:00-04:00,6888.95,6960.0,6792.35,6878.65,40232
2024-07-28 20:00:00-04:00,6920.0,6940.4,6735.1,6840.05,71098
2024-07-29 20:00:00-04:00,6845.05,6891.0,6794.0,6804.15,69167
2024-07-30 20:00:00-04:00,6803.9,6829.0,6737.1,6750.5,49104
2024-07-31 20:00:00-04:00,6795.5,6900.3,6786.65,6887.95,57314
2024-08-01 20:00:00-04:00,6881.0,6980.9,6881.0,6964.15,63236
2024-08-04 20:00:00-04:00,6930.1,6961.0,6794.0,6812.05,34798
2024-08-05 20:00:00-04:00,6838.9,6915.0,6795.7,6807.4,16374
2024-08-06 20:00:00-04:00,6880.0,6935.0,6868.9,6926.35,20380
2024-08-07 20:00:00-04:00,6925.0,7035.0,6914.45,6938.3,55644
2024-08-08 20:00:00-04:00,6980.0,7025.0,6963.4,7013.5,16605
2024-08-11 20:00:00-04:00,7013.95,7015.9,6873.3,6886.55,44656
2024-08-12 20:00:00-04:00,6902.0,6962.25,6853.15,6948.4,30318
2024-08-13 20:00:00-04:00,6955.0,6957.0,6794.55,6801.05,36319
2024-08-15 20:00:00-04:00,6831.05,6839.65,6759.05,6793.6,86241
2024-08-18 20:00:00-04:00,6831.0,6924.0,6817.6,6911.35,33079
2024-08-19 20:00:00-04:00,6922.2,6973.4,6900.05,6965.35,20982
2024-08-20 20:00:00-04:00,6985.0,7103.65,6965.55,7062.45,45329
2024-08-21 20:00:00-04:00,7042.65,7042.65,6925.3,6969.05,60259
2024-08-22 20:00:00-04:00,6990.0,6990.0,6931.2,6954.5,22409
